གང་།,གག།
ཅི་ཕྱིར།,ཇི་རོབ།
ཇི་སྙམ།,ཇི་ལྟར།
རྩེ་མོ།,སྤྱི་བོ།
ཤིན་ཏུ།,རབ་ཏུ།,ཏེ་པོར།
རྐྱེན་སྨན།,རྐྱེན་རྩི།
ལྟག་པ།,གླག་པ།
སྤོས་དང་སྤོས་ཕོར།,པོག་དང་པོག་ཕོར།
བསལ་བ།,བསྩལ་བ།
སོགས་པ།,སྩོགས་པ།
བསུ་བ།,བསྩུ་བ།
དྲི་བསུང་།,དྲི་བསྩུང་།
བསངས་པ།,བསྩངས་པ།
རྫོཊ་སོ།།,རྫོགས་སྷོ།།
གཡོགས་པ།,ཡོགས་པ།
གོ་ཆ།,གོ་ཅ།
བྲག་ཆ།,བྲག་ཅ།
རིན་པོ་ཆེ།,རིན་པོ་ཅེ།
དཀོན་མཆོག།,དཀོན་ཅོག།
རིན་ཆེན།,རིན་ཅེན།
ཁྱིམ།,སྡུམ་པ།
དབུས།,དབུང༌།
འགྲོ་བ།,བགོམ་པ།
གྲུབ་པ།,རེད་པ།
འགྲེལ་བ།,བགྲོལ་བ།
ཉི་ཟླ།,གཉི་ཟླ།
བསྟན་བཅོས།,བསྟན་ཆོས།
འཐུག་པོ།,སྟུག་པོ།
ཉི་ཤུ་།,གཉིས་བཅུ་
སུམ་ཅུ་།,གསུམ་བཅུ་
སུམ་བརྒྱ།,གསུམ་བརྒྱ།
བསམ་གཏན།,བསམ་བཏན།
ཀྱེ་།,ཀྭ་
གང༌།,གག་
ཡང་ཡང༌།,སྐྱོར་སྐྱོར།
སྟེང་འོག།,བླ་འོག
མི་ཟད་པ།,བླ་སྐྱལ་བ།
གཉེན།,རྩ་ལག
དཔང་པོ།,གཉའ་བོ།
དངོས་ངན་པ་།,རིད་པ་
ཤ་ཆུང་བ།,སྐེམ་པ།,སྦེག་པ།
ཉམས་པ།,གྱ་བ།
བརླག་པ།,གྱག་པ།
སྟོང་ཉིད།,ཡེ་འབྱམ།
ཏོག་དང་རྩེ་མོ་དང་ཤ་ཉམས་དང་མེའི་དྲོད།,དབལ།
སྣང།,ངོ་ག
ཉེ་འཁོར།,གམ་ཡོ།
ཚི་ཆད་དམ་ཡི་ཆད།,དམུས་བྱུང་།
ཅ་རེ།,ཐེན་ཆེར།
བཞད་གད་ཀྱི་སྒྲ།,ག་ཞན།
གོ་ཆ་སྤྱི།,རྨོག།,ཡ་ལད།
ཐོག་མ།,སྔོན།,གནའ།
མཐའ་དག་གི་དོན།,ཡོད་དོ་ཅོག་དང་འགྱུར་རོ་ཅོག་ལྟ་བུའི་ཅོག
སྐེམ་པ།,སྦྲེབས་པ།
བཤང་ལམ།,གསང་ཁུང་།
རྒྱན་འགྱེད།,མདུང་དོར།
གཏན་དུ།,ཆམ་དུ།
ཐོབ་པ།,བཞག་པ།,ནོད་པ།
ཚིག་གི་དོན།,ཐ་ཚིག
ངལ་གསོ་བ།,བསྟི་བ།
བསམ་པ།,བརྣག་པ།
བརྐྱང་བ།,སྨྱང་བ།
ནམ་ཡང༌།,ནམ་ཞར།
འོན་ཀྱང༌།,འོན་ཏང་།
དྲང་བ།,འཁྲིད་པ།,བཀྲི་བ།
བར།,དབྲག
ཟགས་པ།,གཟགས་པ།
མཉམ་ཉིད།,ཕྱམ་ཕྱད།
གླེང་བ།,བགྲོ་བ།
ཡང་དག་པ།,ཕལ་པོ་ཆེ་དང་སྙན་གྱི་གོང་རྒྱན།,རྨ་ག་ཆད།
བྱི་དོར་ལེགས་པ་དང་གཟབས་པ་དང་སྤྲས་པ་དང་། སེམས་ལ་སྒོམ་པ་དང་ཡོད་པ།,བསྟར་བ།
དཔྱིས་ཕྱིན་པ།,གཏིང་ཕྱིན་པ།
མནའ།,བྲོ།
ཚོགས་པ།,ཆང་ཁྱུ།
སྤོབས་པ།,སྤ་ལོ།
ངན་པ།,ཐ་རམ།
འཁྲུ་བ།,བརྙང་བ།
ཐང༌།,དབྱེ།
དོར་བ།,ཕྱིར་བསྐྲད་པ།,བསྙིལ་བ།
ལག་པ་བཀྲུས་པ།,ལག་པ་བསྙལ་བ།
བྲང༌།,མཐོང་ག
སྣམ་བུ་འཐུག་པོ།,གླམ་པ།
སྤྲོ་ཐུང་བ།,ཁྲ་ཁྲོ་ཅན།
གཏུམ་པ།,རུང་ཁུས་ཟ་བ།
ཐོག་མ།,མགོ་ནན།
དང་པོ་དང་རེ་ཞིག།,ཇེ།
གཞི་མ།,གཞི་པོ།
འཚམ་པ།,ཇི་འོས།
ཉེས་པ་ཁས་མི་ལེན་པ།,གནོང་མི་བཀུར་བ།
བསྒོ་བ་ལ་མི་ཉན་པ།,བསྒོ་བ་རྣར་གཟོན་པ།
གསང་བ།,སྦེད་པ།,འཆབ་པ།
སྦྱོར་དཀའ།,འཛན་དཀའ།
ཞེ་སྡང་བ།,འཁུ་བ།
སྦས་པ།,བཅབས་པ།
མ་བརྟགས་པ།,གྱ་ཙོམ།
རྣ་བ་གཏོད་པ།,རྣ་བླགས།
ངན་པ།,ཐ་ཆད་པ།
སེལ་བ།,སྩེལ་བ།
འགྲོ་བ།,འཕྱེ་བ།
གསང་ཚིག་དང་སྨྲ་བ་ཙམ།,སྨྲེང་ཚིག
སྨྲ་བ།,སྨྲེང་བ།
ངན་པར་སྨྲ་བ།,སྨྲེ་བ།
ངན་པར་སྨྲ་བ།,སྨྲེ་སྔགས།
དྲིས་པ།,རྨས་པ།
རྩུབ་པ།,མི་འཇབ་པ།
བཅོམ་པ།,ཞིག་པ།,དྲལ་བ།
སྟོད་སྨད་དམ་ཕྱི་ནང༌།,བླ་མཐང་།
བཟང་པོ།,ལེགས་པ།,བསོད་པ།
བྲིམས་པ།,བྱིན་པ།,བསྟབས་པ།
འབྲིམ་པ།,སྟེར་བ།,སྟོབ་པ།
མགྲོན་དུ་གཉེར་བ།,སྟོབ་པ།
སོང་བ།,བྱེར་བ།
རྒྱས་པར་བྱ་བ།,བརྟ་བ།
རྒྱས་པ།,བརྟས་པ།
ད་ནི།,ད་ཀོ
འདི་ནི།,འདི་ཀོ
ཁྲོ་བ།,བཀོན་པ།
བརྟག་པ།,ཇི་ག
བཟའ་ཚོ།,ཁྱོ་ཤུག
འབབ་པ།,གཞོལ་བ
རྣམ་པ་གཉིས་སུ་ན།,ཉིས་ན།
རེངས་པ།,ཡང་ན་ཐ་བ།
རིམ་གྱིས།,མཐར་གྱིས།
སླར་ཡང་ངམ་ནམ་ཡང༌།,གཞར་ཡང་།
བསམས་པ།,མནོས་པ།
ཕུན་སུམ་ཚོགས་པ།,གྱ་ནོམ།
ཡོད་པ་དང་ལེགས་པའི་དོན།,གྱ་ནོམ་སྣང་བ།
རྒྱུན་པར།,ཕྱད་པར།
ཐོགས་པ།,བསྣམས་པ།
ཤ་སྟག།,ཤ་དག
འཇུག་པ།,འཇུད་པ།
འདུས་པ།,འཇུག་པ།,རྔུབ་པ།
འཇིགས་སྟངས།,ཚམ་ངམ།
མ་བསམ་པར་སྨྲ་བ།,འཕྲལ་མ།,བབ་བབ་བམ་བབ་ཅོལ།
འཕྲིན་ལས།,ཕྱང་ཡར།
ཟུར་དང་རྒྱབ།,སྣམ་ལོགས།
ལོགས་སམ་འཕྲེད་དམ་འཆོལ་པ་གོ་རིམས་སུ་མི་གནས་པ།,སྣྲེལ་ཞི།
ཟས།,ཉོད་པ།
གོས།,རོད་པ།
ངེས་པར་རམ་རྣམ་པ་ཀུན་ཏུ།,རྣམ་པ་ཐམས་ཅད་ཀྱི་ཐམས་ཅད་དུ།,ཡོང་ཡེ།
མནར་མེད་དམ་ངལ་གསོ་མེད་པ།,བསྟིར་མེད།
ལྟོགས་པ།,སྤྲིབས་པ།
བཀྲེས་པ།,བྲུ་བ་ཚ་བ།
ཟད་པ།,མཐའ་དག་པ།,བས་པ།
ངེས་བཟུང༌།,བརྣན་པ།
འབྱོར་བ།,རམ་ཤག
ནོམ་པ།,སྲིད།,མནངས།
རྒྱ་ཁྱོན།,མཐའ་གྲུ་དང་ཐག་གྲུ།
ཁ་ཟས།,མནབ་རྩལ།
མཁས་པ།,གྲིམ་པ།,གཡེར་པོ།
མདུན་མ་ཆུད་མི་ཟའོ།།,ཁོས་རང་ཆབ་མི་འཚལ་བ།
བརྗེད་པ།,བསྐྱུད་པ།
དལ་བུ།,ཁད་ཀྱི།
མྱ་ངན།,བྱུར།
སྣོད།,ཡོལ་གོ
འཇིགས་པ།,བསྙེངས་པ།
ང་རྒྱལ།,བསྙེམས་པ།
རྐང་པ།,ཡུག་པ་དང་ཡོབ་ཡོབ།
ལག་པ།,སུག་པ།
ཡིད་གཉིས།,ནེམ་ནུར།
སྐ་རགས།,རྒྱ་ཅང་།
གྲུ་བཞི།,གུར་བུ།
དམན་པ།,དོན་མེད་དམ་རང་བཞིན་པ།,གྱི་ན་དང་གྱིན་འདར།
གློ་བུར་བ།,བརྟད་པ།
མི་ཁེབས་པ།,མི་ཡོགས་པ།
འདུས་པ།,འུབས་པ།
སྐྱེས་སམ་རྫོངས།,ཁུད་པ།
བཀོད་པ།,སླགས་པ།
ཐག་བཅད།,ཕྱང་ཆད།
མགྱོགས་པ།,སྐྱེན་པ།,ལ་གོར།
མུ་སྟེགས།,མུར་འདུག
མཐོ་འཚམ།,ཅོ་འདྲི།
ཟུང་འཇུག།,ཡེལ་འཕྱོས།
ཟོས་པ།,འཆོས་པ།
བསྟེན་པ།,གཞེར་བ།
ཚོགས་པ།,འདུ་འཕྲོད།
མཉམ་པ།,ཕྱ་ལེ་བ།
ཁྱབ་པ།,ཆིབ་པ།
འདུན་པ།,ཁོས་པ།
ནན་གྱི།,ངོ་མཐོན།
གཏམ་མམ་གྲོས།,མོལ་པ།
རྐོས་མཁན།,ཚུད་མོ་མཁན།
ཚོགས་ཤིང་འདུ་བ།,གོ་འདུན།
ཟུར་ཟ་བ།,གཞུར་བརྟག
སྟ་གོན།,ཉེར་བསྡོགས།
མདའ།,མྱག་ཕྲན།
ཐེ་ཚོམ་མེད་པ།,གོར་མ་ཆག་པ།
ཐེ་ཚོམ་མེད་པ།,གོར་མ་བཀུམ་པ།
གཞུ།,གནམ་རུ།
ཟད་པ།,སྤྲུག་པ།
ཁྲིམས་བསྒྲགས་པ།,བཀར་བཏགས།
དོན་མེད་པ།,ཕུང་ཀྲོལ།
གཏད་པ།,ལྷགས་པ།
རྣམ་གཡེང་དང་རང་ཉིད་འདོད་པའི་ཆོས་གཞན་ལ་ངོམ་ཞིང་སྒེག་པའི་དོན།,ཕྱར་གཡེང་།
ཟབ་པ།,སྒམ་པ།
ཉམས་སད་པ།,བགམ་པ།
གྱོན་པ།,མནབས་པ།
ཕྲན་ཚེགས་སམ་སྲེད་ཞེན་ཆེ་བ།,རྩེག་ལོག
མཐར་ཕྱིན།,ཚར་ཕྱིན།
འབེབས་པ།,བཞག་པ།,དབབ་པ།
བརྡེག་པར་བརྩམས་པ།,གཟས་པ།
ཚོགས་པ།,ཕོན་པོ།
སྨྲས་པ།,ཟེར་བ།,འཛེར་བ།
ཞེན་པ།,འཆད་པ།,འཆེལ་བ།
གཏམས་པ།,ཐ་རམས།
སྣོད།,ཕྱིས་བུ།
མཐར་ཕྱིན།,རྩེར་ཕྱིབས།
ཁ་གདངས་སམ་རྣམ་པར་བསྒྱིངས་པ།,གླལ་བ།
ཕུབ་པ།,གྱོན་པ།,ཀླུབས་པ།
འདོད་པ།,གཡེམ་པ།
ཁ་ཟེར་བ་དང་ཁ་དྲག།,མུ་ཅོར།
དྲང་པོ།,གནམ་པོ།
ཁོར་ཡུག།,ཁོར་ཟུག
ལྷན་ཅིག་པ།,ཆབས་ཅིག་པ།
རྟོགས་པ།,ཆུབ་པ།
སྣ་ཚོགས་སམ་གང་མོས།,གོ་འདུན།
ཁོང་དུ་ཆུད་པ།,མོང་དུ་ཆུད་པ།
རྒྱ་ཆེ་བ།,རླིབས་པ།
ལྕགས་ཀྱུ།,མཆིལ་པ།
ལྕགས་ཀྱུ།,ལྕགས་ཀྱོ།
འགྱོད་པ། གཏོང་བ།,འགྱེད་པ།
ཤ།,ཟས།,ཟང་ཟིང་།
སྤོང་བ།,འགྱེར་བ།
རག་མ།,གེར་མ།
ལྟོ་བ།,ཕག།,རུམ།
བུམ་པ།,ཕོམ་པ།
འདོད་པ།,རྗེས་སུ་འབྲང་བ།,རྟོན་པ།
ལྡིང་བ།,འཕྱོ་བ།
འཇོམས་པ།,འགེམས་པ།
ཡུན་དུ།,སྙུགས་སུ།
འཕྲོག་པ།,དབྲོག་པ།
མནན་པ།,གླེབས་པ།
གཅེར་བུ།,རྐྱང་པ།,རྗེན་པ།
ནན་གྱིས་སམ་རྒྱལ་གྱིས།,གལ་གྱིས།
ལེན་པ་དང་བཅགས་པ་དང་དངོས་པོ་ཡིད་དང་རྣ་བར་འཐད་པ་ལྟ་བུ་ལའང་ཡོད།,འཇེན་པ།
ལུག་པ་སྟེ་ཟས་མ་ཞུ་བ་ཕྱིར་བྱུང་བ།,རླུགས་པ།
ཉེས་པ།,ནོངས་པ།
གོང་པོ།,ཡན་ལག་མེད་པར་ལྟོ་བས་འགྲོ་བ།,འཕྱེ་བོ།
ཚུར་ཤོག།,ཚུར་ཤེག
བརྗོད་པ།,སྙད་འདོགས་པ།,ལྕེ་རྟེན།
བསྒྲིབས་པ།,གྲིབ་རི་དང་མཚན་མོ།,སྲིབས་པ།
པགས་པའི་གོས།,སླག་པ།
འཕེན་པ།,སྡོད་པ།
སྐར་ཁུང༌།,ཁོལ་མའམ་གླང་མིག
འགྱེད་པ།,འགྲེམས་པ།
འཁར་གསིལ།,གསེག་ཤང་དང་གསིལ་བྱེད།
གཙུག་ཏོར་ཅན།,སྤྱི་ཏོར་ཅན།
སྔར་སྨྲ་བ།,དྲང་པོར་སྨྲ་བ།,གསོང་པོར་སྨྲ་བ།
ཐོར་ཅོག་ཅན།,དོ་ཀེར་ཅན།
ཆོས་སྟོན་འོས་པ་ལའང་སྦ་བ།,དཔེ་མཁྱུད།
ཡང་དག་པའི་གཏམ།,འབེལ་བའི་གཏམ་དང་བཀའ་མཆིད།
མན་ངག་ཕྲན་བུ་སྦས་ཏེ་འཆད་པ།,མཁྱུད་སྤྱད།
མཐར་ཐུག།,མུར་ཐུག
རྟོགས་པ།,ཕོལ་བ།
ཐག་བཅད་པ།,ལ་ཟླས་པ།
མཐའ་འགེགས་པ།,ཐག་གཅོད་པ།,ལ་ཟློ་བ།
མི་ཤེས་པ།,མི་ཆ་བ།
རྒྱུས་མེད།,ཆ་མེད།
ཐབས་མེད་པ།,རྒྱུས་མེད་པ།,གཏོལ་མེད་པ།
ཇི་ལྟར།,ཅི་གར།
མཐར་ཕྱིན།,ཅི་ཆིབ།
གང་ཞིག།,གར་ཅིག
གཉེན་ཀ།,སྨྱན་ཀ
ཉམས་པ།,འབགས་པ།
བླུན་པོ།,དམུན་པ།
རྫུན།,ཤོ་བེ།
རྫུན།,ཤོབ།
རོ་ཟན་ནམ་གཤིན་ཟས་སམ་དད་ཟས།,ཤིད་ཟན།
ཕོ་བྲང་ངམ་དམག་སྒར།,ཕྲུ་མ།
གཤིན་པོ་ལ་དམིགས་པའི་དགེ་བ་བསྒྲུབས་པ།,ཤིད།
རྩེ་བ།,སྤོང་བ།
བརྩོན་པ།,བརྟུན།
སྒོ་གླེགས།,སྒོ་འཕར།
སྡིགས་པ།,ཁྲོས་པ།,སྤྱོས་པ།
གཡེལ་བ།,སྙོམ་ལས།,སྙེམ་པ།
ཚོང་ཁང༌།,དབྱེ་ཚོང་།
བཀྲམ་པ།,ཐང་ལ།
བསྡུས་པ།,ཕྱོགས་གཏོགས།,བསླན་པ།
རྫོགས་པར།,ཚོག་ཕོར།
བཅད་པ།,གཞོགས་པ།,བདར་བ།
བརྐྱང་པ།,གཟི་བྱིན།,གཟེངས་པ།
འཇིག་པ།,འཆེག་པ།
རྨོངས་པ།,གློས་པ།
གཏན་མེད།,རྨེག་མེད།
ཅོ་དྲི།,སྡང་བར་བྱེད་པ།,གཡེན་སྤྱོ་བ།
ཞར།,གཡམ།
གསོལ་བ།,རྨེད་པ།
ལྷུང་བཟེད།,སློང་ཕོར།
ཉན་རྣ།,བང་ཆེན།,བྱ་མ་རྟ།
ནད་པ།,བྲོ་འཚལ་བ།
སྲེག་གནས།,ད་བུར།
སྐྱེལ་མ།,འཇིགས་པ་ལས་སྐྱོབ་པ།,བསེལ་བ།
སྡེ་སྣོད།,གཙུག་ལག
འདོད་པ་ལ་ལྷག་པར་སྤྱོད་པའི་མིང་།,བསོད་ཉམས།
བཤད་པ།,བསྙད་པ།
རྫོགས་པ།,གོ་རེ།
རྩུབ་མོ།,བརླང་པོ།
ཟུར་མིག་གམ་སྒེག་ཆོས།,གཞོགས་སྟེགས།
སྐ་རགས།,ཤུར་བུ།
བགྲོད་བྱ་སྟེ་བུད་མེད།,འཛན་མོ།
སྨད་འཚོང༌།,འཇུད་མཐུན་དང་འདོད་འགྲོ་དང་གཟུགས་འཚོང་།
ལས་དེ་དང་དེ་ལ་བསྐོས་པ།,ལག་གི་བླ།
བགྲོད་བྱེད་དེ་སྐྱེས་པ།,འཛན་ཕོ།
སྐ་རགས་རྒྱན་ཅན།,སྐ་རགས་ཕོག་གུ་ཅན།
གནོད་རྒྱུ།,འཐབ་ཀྲོལ།
གཡོ་བ།,འགྲེ་བ།
མཆིང་བུ།,དོ་ཟན།
སྐ་རགས་ཀྱི་རྒྱན།,ལྕགས་ཕོད།
ཡིད་མི་དགའ་བ།,སྒྱིད་ལུག་པ།,ཁོད་སྙོམ་པ།
མགྱོགས་པ།,རྒྱུག་པ།,དཀྱུས་མོ།
རྫིང་བུ།,དང་ལ།
ལ་བ།,ཀླབ་པ།
ཁྲིམས།,དམ་རྒྱ།
རྣ་མེད།,ཞ་སྒྲེ།
ལྟག་ཐེར།,ལྟག་སྒྲེ།
སྡང་སེམས།,སྒོར་མོ།
མདེའུ།,རྣ་བྲང་།
བསླང་བ།,བཤུག་པ།
སྒོམ་ཐག།,པུས་མཁྱུད།
ཁ།,གདོང་ངམ་མདུན།,གཡར།
བུ་རམ་གྱི་དྭངས་མའི་ཤ་ཁར།,ཧྭགས།
བཏགས་པ།,ཐགས་རན།
ཉམས་པ།,རྨས་པ།
མཐུ།,མངན།
གྲལ་ལམ་ཕྲེང་བ།,དངར།
རྔན་པ།,གསུག་པ།
མཆོད་པ།,བརྔན།
རྣམ་འདུད།,རྣམ་འདལ།
གཏོང་བ།,འགྱེད་པ།
བརྗེས་པ།,དབྲེས་པ།
གཉེན་བསླུས་པ།,བསེན་ཁུས་པ།
ཁ་སྨྲས་སམ་བཀྱོན་པ།,བརྒྱད་བཀག
འདི།,འོ་ནི།
ཞུས་པ།,དྲིས་པ།,བཟླུགས་པ།
འབོད་པའི་བརྡ་ཚུར་ཤོག་ཅེས་པ་ལྟ་བུའོ།།,སྤྱོན་པ།
སླེབས།,བྱོན།
ཉེ་བར་བསྟེན་པ།,འབྲོངས་པ།
མི་ཟློགས།,མི་སློན།
མུན་པ།,སྨག
བཙོན་ར།,གོ་ར།
སྙིང་པོ་མེད་པ།,མི་བདེན་པ།,ཡ་མ་བརླ།
ཕྱི་རོལ།,ཀླད་རོལ།
གང་ཟག།,ཆང་ཐུབ།
མདུན།,དོག་མ།
ལྕུག་ཕྲན།,རན་པ།
ཡལ་ག།,གེལ་པ།
འཇུག་པ།,འཕག་པའམ་ཆ་བ།
འབྲེལ་མེད་དམ་རྐྱང་པ།,རེང་བུ།
མི་ཞུམ།,མི་འགོང་།
ཉེ་འཁོར།,ཐན་ཀོར།
བ་གམ།,བོག་རེ།
མ་ལེགས་པ།,མ་སྟེས་པ།
སྟོབས་ཤུགས།,སྟེས་དབང་།
སྔོན།,གནའ་བོ།
གཙོ་བོ།,སྣ་བོ།
མི་ཞུམ།,མི་གུ།
བཅུད་ཚོར།,ཉེའུ་གྱི།
རྨང༌།,ཉེན།
འཛིན་པ།,བེ་ནོ།
ཁྲུས། དཀུ་མཉེ། དྲིལ་ཕྱི། མེ། སྟན་གྱི་མིང་།,སྲོ་གང་། བསྲོ་ཁངའང་སྣང༌།
རྒྱུད་མངས་སམ་དབྱངས།,ཇེང་།
རྨི་ལམ།,རྨང་ལམ།
རྣ་རྒྱན།,གྱ་ཐོ།
ལན་སློན།,ལན་བོན།
མཇུག་དོའི་ནང༌།,མདོང་མོ།
སོ་རྙིལ་གྱི་ནད།,རྣིལ་ནད།
ཧུབ་རེ།,རྔུབ་རེ།
ཁོལ་བ།,རྦ་ཀློང༌།,ཆུ་བྲུབ་པ།
རླིག་ཕྱུང་སྟེ་བཙུན་མོའི་འཁོར་དུ་འབྱུང་བ།,ཉུག་རུམ།
སྟེང་གཡོགས།,ཞོགས་མ།
མགུ་བ།,གཞའ་བ།
འཇའ་ཚོན།,གཞའ་ཚོན།
བསད་པ།,འགྲན་པ།,བསྐྱད་པ།
ཕྱི་རོལ།,ཕྱི་བི།
ཕ་རོལ།,ཕ་བི།
ཆུ་མེད་པ།,དགོན་དུང་།
བ་ཚྭ་ཅན།,ཚ་སྒོ་ཅན།
བླུན་པོ།,མོང་བརྟུལ།
བ་གླང༌།,ལུང་བོང་དང་བན་ཀླང་།
འཁོར་ལོ།,ཕོལ་མིག
ལྷ།,ཕ་མེས།,མཚུན།
ཁས་ལེན་པ།,འཆེས་པ།
གསོལ་བ།,འཕེའུ།
གཡུང་དྲུང་ངམ་འཕྲིན་ལས།,གཞའ་གསང་།
དམ་བཅའ།,དམ་དེམ།
རྒྱན་ནམ་སྤུད་པ།,ཕྱང་སྤྲུལ།
དབུ་འཕང༌།,དབུ་རྨོག
ཡིད་དགའ།,ཡིད་སྨོ།
ཉི་ཟེར།,གཉི་ཟེར།
ཟ་བ།,སྦོན་པ།
བརྐྱང་པ།,རྙོང་བ།
འགྲོ་བ།,འབྱེར་བ།
སླུ་བ།,འདྲིད་པ།
དང་པོ།,གཟོད་མ།
ཐམས་ཅད།,རིལ།
གུར།,གཟེབ།
དབང་དུ་གྱུར་པ།,ཀློང་དུ་གྱུར་པ།
ཞོན་པ།,བཅིབས་པ།
དྲག་པོ།,མི་བཟད་པ།
མི་སྡུག་པ།,དྲག་ཤུལ།
བཅོས་མ།,གཅམ་བུ།
འདོད་ཞེན།,བརྐམ་པ།
འདོད་ཆགས་ཆེ་བ།,བརྐམ་ཆགས།
གསོངས་ཤིག།,འཆོབས་ཤིག
འཁོས་ཀ།,གཉོད་ཀ
ཞན་པ།,གཡུང་བ།
གཟུ་ལམ་དང་རང་བཟོ།,བརྟུན་ངེས་པ།
འཇིབ་པ།,གཞིབ་པ།
འཇུག་པ།,འགྲོ་འཚམས།,གླགས་པ།
སོང་སྟེ།,དོང་སྟེ།
འགྲོ་བ།,འདོང་བ།
མཁོ་བ།,འཕངས་པ།,ཡིད་དུ་འོང་བ།,དཔེན་པ།
ཅིས་ན།,ཇིས་ན།
ཕོ་བཙོག།,བཙོག་པོ།
གལ།,རྙོང་།
སྒྲོན་མེ།,ཏ་ལ་ལ།
ཉུང་ངུར་བྱས་པ།,བསྙུངས་པ།
ཉེ་རིང༌།,བསྙེན་སྲིང་།
རྡོ་བ།,སྦང་བྱེད།
ཉམ་ཐག།,ཀོས་ཐག
སྔར་བཞིན།,སྔ་མཁོ།
མྱུར་དུ།,སྨྱུར་ཏེ།
བྱོན་ཅིག།,འོན་ཅིག
དྲང་པོ་མིན་པ།,ལྡེམ་པོ།
ངེས་པར།,ཉིང་ཏོར།
གྱིས་ཤིག།,བྱོས་ཤིག
དགའ་བ་དང་རིལ་པོ།,རངས་པ།
ཁོང་འབྱིན།,ཁོང་འཁྱིད།
བཟི་བ།,གཏུ་ལུམ།
བཀུར་བ།,གྱུ་བ།
ཁེངས་པ་སྟེ་ལྟ་བ་མཐོ་བའི་དོན།,ཕོ་ཐེག་ཆེ་བ།
སྲན་ཆེ་བ།,ཕོག་སྙན་ཆེ་བ།
སྨྲ་བ།,རྨེ་བ།
བླུན་པོ།,རྨུན་པོ།
ཆག་པ།,ཉམས་པ།,འཕན་པ།
ཆུ་ངོགས།,ཆུའི་དངོ་།
གྲིའི་སོ།,གྲིའི་དངོ་།
ཡང་དག་མིན་པ།,ཡོན་ཁར་བ།
རེས་འགའ།,འོར་འགའ།
བརྩོན་འགྲུས།,འབྲུས་འགོགས།
བརྒལ་བ།,འབོགས་པ།
བརྒྱལ་བ།,འབོག་པ།
བྱ་རྒྱ།,བྱ་རྐོན།
གཅིག་ཏུ།,གཉིག་ཏུ།
རྨུགས་ཤིང་སོང་བ།,བློང་བ།
ཡི་མུག་གམ་རིག་པ་མི་གསལ་བ།,བློ་བློང་། བློང་བློང་ཡང་ཟེར།
དྲན་བསྐུལ།,གཞེན་འདེབས་དང་གཞན་བསྐུལ།
དུར་གྱི་གནས།,ཆད་པའམ་བང་སོ།
ཕན་ཏེ།,ཕོལ་ཏེ།
འདི་ནས།,འུང་ནས།
རིགས་ངན།,ཉིད་གྲུལ།
དམོད་མོ།,རྔད་མོ།
རང་བཞིན།,རང་ཉམས།
འགྲན་ཟླ།,འགྲན་དོ།
དབྱིབས་སུ།,ཡིབས་སུ།
དྲེགས་པ།,བླ་ཁྱད།
འོན་ཀྱང༌།,འུང་ཏེང་།
བོར་བ།,འོར་པ།
ཕ་རོལ།,ཕ་ལོགས།
རོལ་མོ།,གྱིམ་ཤིང་།
རྒྱན་པོ།,ཆོ་ལོ།
ཟུག་ནས།,ཟུས་ནས།
ཆོས་སྟོན་ནམ་ཟུར་ནས་གྲོས་འདེབས།,བློན་འདེབས།
སྨྲ་བ།,ཞུས་པ།,ཞུ་བ།,གདས་པ།
ན་རོ།,སྣ་རུ།
རྨའི་སྒོ།,འགྲོངས།
ཆུང་མ།,མཆིས་འབྲང་།
མ་དུལ་བ།,མ་དྲངས་པ།
ལྗོངས།,གཞོངས།
བྱིས་པ།,བུས་པ།
འགྲོགས་པ།,ལེགས་པ།,སྙན་པ།,འཇེབས་པ།
ཆད་ལས།,ནན་ཏུར།
བདེན་ཏེ།,ཡུས་ཏེ།
ཞབས་འབྲིང༌།,ཞ་འབྲིང་དང་ཞམ་འབྲིང་།
ལྟས་ངན།,རྨེན་ངན།
སྨྲ་བ།,གཏི་བ།
ཕྱི་བཞིན།,སླད་བཞིན།
རྩུབ་པ། སྣོད།,གཤོར་བ།
འཁྱམ་པ།,འཕྱན་པ།
ཅ་ཅོ།,ཀླག་ཅོར།
བཤེན་པ།,ཤེན་པ།
རྙིངས་པ།,རྙིས་པ།
ཞན་པ།,སྨྱེ་བ།
ལན་ལྡོན་པ།,ལེའུ་གློན་པ།
ལག་མཐིལ།,འདྲག་མཐིལ།
བུམ་ཆུང༌།,བུམ་བུ།
རྩིག་པ།,རྩིག་གུ།
ཀུན་ཀྱང༌།,བྲུངས་ཀྱང་།
བུད་མེད།,རེ་རྨ།
ནན་ཏན།,ནན་ཐུར།
གཉིད།,གཡུར་དང་ཡུར།
འཛག་སྣོད།,སྒྲེའུ་ཆུང་།
སྟན་ཁྲ་བོ།,པར་ཏང་དང་དྲེའུ་རྔོག
བཅུག་ནས།,སྨྱུགས་ནས།
ལྷག་སྟེ།,དཀུ་སྟེ།
ཀྱེ་མ།,ཀྱི་འུད།,མ་ལ།
ནོན་ནོ།,ངོག་གོ
མདུན་ནས་བསྟོད་པ།,མདུན་དུ་བགྱིས་པ།,མདུན་བདར་བ།
གར་བུ།,ཐོང་ཁོར།
སྒྱོགས།,ལག་ཏུབ།
ལོང་བ།,ལྡོངས་པ།
ལོང་ཁྲིད།,དམིགས་བུ།
སོང་ན།,ངོག་ན།
དཔངས་མཐོ་བ།,ཕྲ་མོ་མ་ཡིན་པ།,མོད་མི་དམའ་བ།
ཞལ་བ།,རྙོང་ངམ་བྱུག་པའམ་སྐྱང་ནུལ། ཞལ་ཞལ།
ཉེ་སྐོར།,ཐན་སྐོར།
བྱུགས་ཤིག།,ཡུགས་ཤིག
ལྟོ་ཆེ་བ།,ཟ་ཕོད་པ།
ལྟུང་འབྲས།,ལྟུང་རུས།
ཟེར་ཏོ།།,འཛེར་ཏོ།།
ཁྲུས་ཁང༌།,དུགས་ཁང།
འཕྱ་བ།,དཔྱ་བ།
སྔ་བ།,སྔ་ཟ།
ནགས་ཚང་ངམ་མེ་ཁང༌།,ཚང་མང་།
ཤ་ཁུ།,ཁུ་ཤ
མན་ངག།,ཐམ་ལག
བརྒྱན་པ།,གཞགས་པ།
ཁ་ཁྱེར་རམ་སྟེགས་བུ།,ལས་ཀན།
འཚེམ་པ།,འདྲུབ་པ།
བཙེམས་པ།,དྲུབས་པ།
དགོས་པ།,དེ་མོ།
ཕྱི་ས་ཁང་པ།,རྣམ་ཕྱིས།
གཞོང་བུ།,སྐུན་བུ།
རྐང་རྟེན་ནམ་སྐས་ཀ།,ཡ་གད།
ཅི་ཡོད།,ཅི་ཆོག
ཞི་བ།,ཐ་གི
གཅེར་བུ་པ།,རྒྱུ་ཁུ་ཅན།
དཔྱང་ཐག།,གཟར་ཐག
བཙུན་མོའི་འཁོར།,སླས།
ས་ཞག།,གྱོང་རལ།
ལམ།,བཤུལ།
བདེན་པ།,མད་པ།
བྱ་ར་བ།,སྤྱན་པ།
འཕྲིན་པ།,ཆེམས་པ།
འདུག་ས།,མདུན་ཁང་ངམ་བཀད་ས།
ཚོགས་པ།,འདུག་པ།
འབྲས་བུའི་སྙིང་པོ།,ཚིག་གུ།
དར་ལ་བབ་པ།,སྐྱེས་ཕྲན།
བརྗོད་པ།,སྙད་འདོགས་པ།,ལྕེ་རྟེན།
བྲེགས་པ།,རེགས་པ།
ཉམས་པ།,སྐྱོས་པ།
དལ་པོར་འདུག་པའི་ཆུ།,ཆུ་འདལ་བ།
བུལ་བ།,འགོར་བ།,ཉུལ་བ།
མཐུན་པ།,གཞར་བ།
ཁྱེ་བོ།,གྲི་གུག།,ཆན་པ།
སེང་གེ་ཤ་ར་བྷ་སྟེ་སེང་གེ་རྐང་པ་བརྒྱད་པའི་མིང་།,ལྡང་སྐོ་སྐ་དང་བསེ་ཁ་སྒོ།
རེས་འགའ།,ཆེད་འགའ།
འཁྲུག་པ།,སྐྱོ་སྔོགས།
ལེན་པ།,ཐོབ་པ།,ནོད་པ།
རིམ་གྱི།,བགས་ཀྱི།
སྣོན་པ།,བརླ་བརྙན།
གོས་ཤུབས།,ཚང་ཐུར།
གཡར་བ།,བརྙན་པ།
གཡས་པ།,བརྙས་པ། སྐབས་ཐོབ་ཉོས་པ་ལའང་།
རང་རེ།,བདག་ཅག།,ཡུ་བུ།
དལ་བ།,ཁོམ་པ།
གྲུ་གུ།,ཕོ་ལོང་།
ར་རོ་བ།,ཕྱག་ལས་ཁོམ།
གསོད་པ།,དགུམ་པ།
འཆི་བ།,འགུམ་པ།
བསད་པ།,ཤི་བ།,བཀུམ་པ་དང་གུམ་པ།
གསོལ་དུ།,རྨེད་དུ།
ངན་པ།,མཐའ།,འཁོབ་པ།
རླུང༌།,ཛི།
མཆུ་རིང་ངམ་དཀྱུས་རིང༌།,འཁྲུན་རིང་།
བསྡམས་པ།,སྦས་པ།,བརྣོགས་པ།
བཟོད་པ།,བསྲན་པ།,མནགས་པ།
མིང་པོ།,དྲལ་པོ།
ཨ་ཆེ།,སྲིང་མོ།,ཆེ་ཞེ།
མཛེས་པ།,མཚམས་ཕྱེད་པ།,འབྱེས་པ།
རུང་བ།,སྤུ་ལ་བབ་པ།
མི་ཕོད།,མི་ཆོག
ཅོག།,ཤིང་ཐགས།
བཏུང་བ།,རྩང་ནན།
བྱམས་པ།,འཐམས་པ།
བརྒྱལ་བ།,འཁམས་པ།
ཁྱིམ་མཚེས།,སྡུམ་མཚེས།
སྐལ་བ་ཆེ་བ།,དཔལ་ཆེ་བ།,སྐལ་བ་བཟང་བ།,དབང་ཐང་ཆེ་བ།
མ་ལངས་པ།,མ་ནངས་པ།
སྔོན་གྱི།,ནངས་ཀྱི།
སྣང་གཡེལ་ཅན།,གཡེར་བག
བསྐྱོད་པ།,བརླམས་པ།
ས་རྗེན།,སྒྲེ་བོ།
ཡོད་པ།,འོད་པ།
མིག་གི་དྲི་མ།,སྐྱོ་མ།,མིག་གི་རྔུ་མ།
དོང་དུ།,སྦལ་དུ།
གཞོན་ནུ་མ།,ཕྱུགས་ཕྱུང་།
འཁུར་བ།,སྣོག་གཟན།
མཆོད་རྫས།,བྱ་མོ་ལབ།
པུ་ཤུ།,ལན་ཀན།
རྒྱུ་འགྲུལ།,རྒྱུན་ལུགས།
སྤྱན་འདྲེན།,གཡར་འདྲེན།
ཁས་ལེན།,གཡར་ལེན།
དམ་བཅའ།,གཡར་དམ།
མདུན།,གཡར་ལམ།
ཁ་ཁྲལ་ལམ་ངོ་ཁྲལ།,གཡར་ཁྲལ།
ངོ་ཚ།,གཡར་ཚ།
སྐུ་ཁམས།,གཡར་ཁམས།
གདོང༌།,གཡར་ངོ་།
འགྲོ་བ།,སྒེའུ་ཆུང་།
ཁ་འདམ་སྟེ་བཅའ་སྒ་དང་རོ་ནུས་ཆ་མཐུན་ཞིག་གི་མིང༌།,སྒེའུ་གཤེར།
རྩ་བ།,དྲུང་།
པྲ་ཆལ།,འགྱུར་བྱེད།
མི་ནད་དམ་རིམས་ནད།,མི་ངས།
ཞལ་ཟས།,ཞལ་ཚུས།
ཤིང་ཏོག།,ལོང་བུ།
གཅེར་བུ་པ།,འོས་པ།
རྩེ་བ།,རོལ་བ།,རྩེན་པ།
སྟེང་གཡོགས།,བླ་གབ།
སོམས་ཤིག།,ཐོམས་ཤིག
སྨྲ་བ།,མི་སྦེད་པ།,མཐོལ་བ།
འཁྲིག་པ།,བཤོས་པ།
ཕེབས་པར་སྨྲ་བ།,གཏམ་འདྲེས་པ།
གྲོགས་པོ།,སྨོན་འདྲིན།
སྔ་ཕྱི།,གོང་འོག།,ལྟག་འོག
བསྟུན་པ།,སྤུན་པ།
དང་པོ།,ཐོག་ཐོག
ཟིན་བྲིས།,རེག་ཟིག
ཟླས་པ།,བོན་པ།
ན་ཟླ།,ནེའུ་ལྡང་།
སྒོག་སྐྱ་སྟེ་ར་སུ་ན།,ལ་ཤུ་ན།,སྒོག་པ།
བཙོང་སྟེ་པ་ལཱ་ཎུ།,ཀུན་དོང་།
རི་སྒོག།,ཀེའུ།
དབང་ལག།,ཧམ་ཤང་མཚེའུ།
ཛཱ་ཏི་སྟེ་སྣ་མའི་མེ་ཏོག།,ལིག་ཤི་ཝེར།
ཙི་ཏྲ་ཀ།,ཀྲུ་ཀྲུ་ཏྲེས།
ཐབས་ཀྱིས་གཞན་ནོར་འགུགས་པ།,ཐོབ་ཀྱིས་འཇལ་བ།
བཙོད་མདོག།,ཇ་ཧོང་།
མི་གཙང་བ།,བཤང་བ།,སླད་ཚ།
འབྲེལ་མེད་དུ་སྨྲ་བ།,ངག་འཁྱལ།
བློ་ལ་ཡོད་པ།,བབ་ཐོབ་ཡོད་པ་དང་འཐུག་པ།,བརླིང་བ།,ཤ་ཆགས་པ།
ཀུ་རེའི་ཚིག།,ཀྱལ་ག
མགོན་ནམ་གྲོགས།,བསྟང་བ།
སུན་འབྱིན་པའི་ཚིག་སྟེ་མི་ངན་པ་ལ་མི་ཡ་མཚན་ཅན་ཞེས་བརྗོད་པ།,བསྟིངས་ཚིག
འཛིན་པ་ཆེ་བ།,དུས་པོ་ཆེ།
ཕན་པ།,གྲོགས།,སྟོངས་པ།
ནོར་གྱི་སྤྱིའི་མིང༌།,དཀོར་དང་ཀ་ཅ།
ཁོང་ཡངས་པ།,དཀྱེལ་ཆེ་བ།
སྙིང་སྟོབས།,ཆུ་གང་།
མང་པོའི་ནང་ནས་འདམས་པ།,བཀྲབས་པ།
བསྐྱེད་པ།,བཙུགས་པ།,བསྐྲུན་པ།
གཅོད་པ།,སྐྲུས་པ།
འགྲན་པ།,སྒྲུན་པ།
གཞན་ལ་ཐབས་ཀྱིས་འབྲིད་པ།,བསྐྲུ་བ།
གར་བ།,རོའི་ཁྱད་པར།,བསྐ་བ།
གངས་སྦལ་ལམ་རྩངས་པ།,སྐྱིན་གོར།
མི་སྐྲག་པ།,མི་འགོང་བ།
སྦོས་པ།,དབོས་པ།
གཞན་གྱི་ནོར་ཁྱེར་བ་ཕྱིར་མི་གཏོད་པ།,དངན་འཐེན།
བདུད་རྩི།,ཟིལ་དངར།
འཇིགས་ནས་སྐད་ཆུང་ངུར་སྨྲས་པ།,ཁ་རོག་འདུག་པ།,བཅོམ་བསྐྱུངས།
ཚོད་དང་དུས།,མན།
ཞེན་ཆགས་ཆེ་བ།,འཇུངས་པ།
རང་གི་ཤ།,ཉིང་ཤ
རྡོ།,ཇུ་བོ།
བྱིན་ལེན་མ་བྱས་པར་ལེན་པ།,ལག་ཉ།
ཁྲུས།,ཉེ་རེག
མས་གཏུན་དང་ཡས་གཏུན།,མཆིག་དང་མཆིག་གུ།
ཁོན་ཡོད་པ།,ཤ་ཀོན་ཞུགས་པ།
ངལ་བ།,མཉེལ་བ།
འཁོར་གཡོག།,ཕྱག་བརྙན།
འཐབ་པ།,སྨད་པ།,སྤྱོ་བ་དང་བརྒྱད་པ།
སྐྲ་ཚབ།,སྐྲ་བརྙན།
བྲག་ཆ།,སྒྲ་བརྙན།
བཤད་པ།,བསྟན་པ། ཁེངས་པ,བཅོལ་བ།,གཏམས་པ།
སྐྱེས་པ།,འཁྲུངས་པ།,བལྟམས་པ།
སྙིང་སྟོབས་ཆེ་བ།,རྟུལ་ཕོད།
བསྡུས་པ།,འཇམ་པ།,བརྟུལ།
གནམ། མཚན་མོ། དགུང་ལོ་སོགས།,དགུང་།
ཉི་མ།,ཉིན་པར།,གདུགས།
འཕང་ངམ་སྲིད།,འཁྲུན།
ཞེང་ངམ་སྦོམ།,ཁོ་ལག
ཞིམ་པ།,བདའ་བ།
སྣ་ཚོགས་འདྲེས་མ།,ཁྲ་བོ།,འདྲེན་མ།
བླ་ཅོལ།,བླ་བརྡོལ།
སྲན་དཀའ་དང་ཁེ་ཆུང་བ།,མནག་དཀའ་དང་མནོག་ཆུང་།
དཔྲལ་བ།,འཕྲལ་བ།
འཇོལ་ལེ་བ།,ཕྱང་ངེ་བ།
གྲལ།,བྱུག་རིས།
ལྷ་འབངས།,རྩེ་རྒོད།
གཡོག།,ནང་བྱན།
ཉམས་རྒྱས་པ།,ཡན་ལག་དང་ཉིང་ལག་རྒྱས་པ།,མཚག་བཟང་བ།
རྟིང་དཀར།,མཚལ་ལུ།
ཟས་སམ་ལྟོ།,འཚལ་མ།
ཤེས་པ།,ཆོག་པ།,འདོད་པ།,འཚལ།
ཐོས་པ།,ཤེས་པ།,འཁུམས་པ།
ཉིང་ཁུ།,ནུ་རྫི།
སྡོད་པ།,བཞུགས་པ།,།
བར་ཆོད་པ།,རྒྱང་རིང་བ།,བསྐལ་བ།
འཇིབ་པ།,གཞིབ་པ།
མི་རིངས་པ།,མ་རྟབས་པ།
ཧམ་ཁྱེར།,རླམ་ཁྱེར།
གུས་པ།,སྒྲིན་པ།,བརྟགས་པ།
སྒྲེགས་པ།,གསུད་པ།
ངོས་ཀྱིས་སྐྱོན་བརྗོད་པ།,ཤུབ་བུས་སྨོད་པ།,གཤུང་བ།
སྐྱེལ་གླ།,སྐྱེལ་བདར།
དྲི་མི་ཞིམ་པ།,དྲི་ཚ་བ།,དྲི་དཀུ་བ།
སྨད་པ།,འགོང་བ།
གཡོག་པོ།,མངག་གཞུག་དང་ཅི་བགྱི།
སྙིགས་མ་མེད་པ།,ཆུད་ཟ་བ།,ཉམ་ཆུང་བ་མེད་པ།,ཤིན་ཏེ་མ་མེད་པ།
སྦུངས་སྐྱེད་པ།,དམ་བཅའ་བརྟན་པ།,སག་རྩ་སྐྱེལ་བ།
ཕྲ་མ་དང་ཕྱེ་བ།,སྐྱོ་མ།
སྲོག་ཆགས་མུག་པ།,སྲིལ།
ཚོད་མ།,སྐྱུ་རུམ།
ཚོད་མ།,སྤགས་མ།,བྱ་ན།
བསྲེས་པ།,སྤུན་པ།
རྒྱན།,སྤེན་ཏོག
མཛེས་པ།,བྱིན་ཆགས་པ།,སྤ་བ།
ངོམ་པ།,བདག་བསྟོད།,སྤྱོམས་པ།
ལའི་ཚུགས་པ།,ལ་གཅན་པ།
ཡུལ་གྱི་ཚུགས་པ།,ཤོ་གམ་པ།
གྲུ་ཚུགས་པ།,གྲུ་བཙས་པ།
ཚོང་པ།,དོན་མཐུན། འགྲོན་པོ།
དཔྱི་མགོ།,སྟ་ཟུར།
གཏོང་བ།,སྤོན་པ།
རྫུན་པ།,སྤུན་པ།
རྗེ་བཙུན།,རྗེ་བཙན།
ངག།,དངགས།
ནོར།,དབྱིག
སོ་ཟིང༌།,སོ་སྟོ།
སྤྱི་ཐེར།,སྤྱི་ཅེར།
བསྡུས་པ།,བཟླུམས་པ།
བཀུར་སྟི་དང་མཆོད་པའི་མིང་གི་རྣམ་གྲངས།,བརྗེད་པ་དང་རིམ་གྲོ་དང་བཙུན་པར་བྱ་བ།
ཁུ་བ་བཏོན་པའི་སྙིགས་ལྟ་བུ།,བཀུས་ཏེ་བོར་བ།
ཆུད་མི་ཟ་བ།,ཆབ་མི་འཚལ་བ།
དར་ཡོལ་བ།,རྒན་པོ།,ཕྱིད།
མཚན་མ་ཆད་པ།,སླེ་འདམས་པ།
མོ་མཚན་གྱི་ནད།,མཚན་བར་རྡོལ་བ།
དཔྲལ་ཀོ་འཐུག་པ།,སྤྱི་བརྟོལ་ཆེ་བ།
ཚི་ཆད་པ།,དམུས་པ།
ཉམས་དང་འཁོས་ཀ་ཁ་ཅིག་ཏུ་རྩ་བ།,ལྷག་མ།,སྨེག་པ།
གོས་ཚོས་མ།,སྨྲིག
ཞ་ཉེ།,ག་གོན་དང་ཚོན་མོ་སྟེང་།
ཞ་ཉེ་ནག་པོར་ཡན་ལག་བརྒྱད་པའི་འགྲེལ་པ་ཟླ་ཟེར་ལས་བཤད།,རོ་ཉེ།
ཟས།,སྤྲབས་པ།
ཕྲོགས་པ།,བཏོགས་པ།
གད་བྱེད་པ།,གོ་རེ་ལོང་།
སྡུག་བསྔལ།,སྨྲེ།
ཕོ་མཚན།,ཡན་ལག་སྐྱེས།
ཉམས་པ།,རྨྱ་བ།
ལེགས་པ།,གྲོས་མཐུན་པ།,མཉེས་པ།
མི་བརྒྱང་བ།,མྱུར་བ།,མི་བཀྱིག་པ།
ཉེས་པ་བཤགས་པ།,ཞེ་སྡང་ཞི་བ།,སྤུ་བསྙལ་བ།
ལུས་ངག་ཡིད་ཀྱི་ཞེ་སྡང་ཞི་བར་བྱེད་པ།,སྤུ་སྙོལ་བ།
བུ་ལོན་བདའ་བའི་དཔང་རྒྱ་སྟེ་ཡི་གེ་བཅུག་པ།,ཆགས་རྒྱ།
གྲོས་མཐུན་པ།,ཁ་ཕྱིན་པ།
ལྟོགས་པ།,བཀྲེས་པ།,བྲུ་བ།
ཕན་བཏགས་པ།,སྨན་བཏགས་པ།
གཞན་གྱི་འཚེ་བ་མེད་པར་རང་དབང་དུ་གནས་པ།,རྣལ་དུ་ཕབ་སྟེ།
སྲན་ཆུང་བ།,གཞོན་ཤ་ཅན།,བཟེ་རེ་ཅན།
ཆགས་པ།,ཆུམས་པ།
ཟན་ཟ་བ།,འཚལ་མ་འཚལ།
སྨྲ་བ།,ཟེར།,བླ་ན།
འཆམས་པ།,མཐུན་པ།,ཁ་དུམ་པ།
བདེན་དཔང༌།,ཆེ་བཞི།
རྒྱལ་བཙུགས་པ།,སྐུགས་སུ་བཙུགས་པ།
ལྗོངས་རྒྱུ་བ།,གཞོངས་སྤྱོད་པ།
ཞིང་པ།,ཆུང་པ།
དབང་གིས་འཆུ་བ།,དུས་ཀྱིས་འཆུ་བ།
གོས་བཟོ་བ།,བཟང་མཁན།
མི་འཇིགས་པ།,སྤང་བ།
བཅུག་པ།,སྨྱུགས་པ།
རྒྱ།,རྙི་རྙོང་ངོ༌།,ཀོག་རྩ།
རྩེ་མོ།,ཐོར་ཏོ།
བསད་པ།,བཏུངས་པ།
རགས།,ནམ་སྲོས་ཀྱི་བར་དུ་བྲོངས་ཤིག ཆུ་ལོན།
ཉེ་བ།,མ་རེག་ཙམ་དུ་དྲུང་དུ་བསྙེན་ཏེ།
གནས་ནས་ཕྱུང་བ།,གནས་ནས་སྤེད་པ།
སྟོ་ཀའང་ཆུང་ངུའི་སྐད་དོད་ཉིད་ཡིན།,མར་ཆུང་ངུ་།
མི་འགར་པོ་ཞེས་ཟེར་བའང༌།,མི་ཁེངས་པ་ཆེ་བ།
སྦོམ་པོ་དང་རགས་པ་དང་རྒྱ་ཆེ་ བའི་སྐད་དོད་ཟུར་ཆག་པས་ཐུལ་ཆེ་བ།,སྠུ་: 
དབང་སྔོན་ཏེ།,ཨནྡྲ་ནཱི།
ཟུར་ཆག་པས་གུ་གུལ་།,གུགྒུ།
རིགས་མེད་དེ་ཟུར་ཆག་པས་ནེའུ་ལེ་།,ན་ཀུ།
་ཚོད་མ།,ཟེས་སྤགས་མ་: འཇུག་པ་ཟུར་ཆག་པས་བྱ་ན་།,བྱཉྫ་ན།
དིག་པ་།,དྷིཀ་ཅེས་པ་ངན་པའི་སྐད་དོད་ཟུར་ཆག་པས་མི་གླན་པ།
ཟླུམ་པོའི་སྐད་དོད།,གོ
ཟི་ཁྱིམ་།,ཛྷེ་ཀྵ་མ།
ལ་ཟུར་ཆག་པས་ཏལ་ཙམ་།,སྒྲོན་མེའི་སྐད་དོད་ཏ།
འཇུག་པས་སྒྲ་དོན་སྐབས་སྟོབས་ཀྱིས་ཤེས་དགོས་པ་ལ།,ཚྭ་དང་རལ་གྲི་དང་རྟ་སོགས།
ཚིམ་བྱེད་དེ།,སིཧླ།
ཞེས་བསིལ་སྨན་དུ་འདོན་པ་།,བསིལ།
གདུང་དང་སྐུ་།,ཤ་རཱི་རཾ།
བརྗོད་པའི་ལམ་ལས་འདས་པ་ལྟ་བུར་སྣང་མོད།,ཏེ་ན་ཏེ་ཟེར་ལོ་ཞེས་མང་དུ་འཆད་སྣང་བ།
ཕྱིང་སང་།,བློན་པོ།
ཧ་ཡང་ཧ་།,དངུལ་རྫུས་མ།
གཡང་རྩེ་།,ལུགས་རྒྱུ་མཚན་བསྙད་པ།
ཟིན་གཟན་།,ཕིང་ཆང་དང་གཟན་གྱི་མིང་།
གསེར་ཞལ་།,རྒྱལ་པོའི་ཞལ།
གསེར་ཡིག་པ་།,བང་ཆེན།
ཧོར་གྱི་བརྡ་ཡང་སྣང་སྟེ།,གསེར་སྐྱེམས་སོགས་ཀྱང་རྒྱ་ནག་གི་བརྡར་སྣང་ཞིང༌།
པག་ཤི་།,བཙུན་པ།
དར་ཁ་ཆེ་།,དབང་ཆེ་བ།
གནམ་མཆོད་པ་།,ལེགས་པ།
གནམ་དུ་གཤེགས་པ་།,མི་ཤི་བ།
གནམ་གྱིས་བསྐོས་པ་།,བསོད་ནམས་ཆེ་བ།
ཆོལ་པ་།,ཁོལ་བ།
མདོངས་ཐལ་ཅན་།,རྨ་བྱའི་མིང་མདོངས་མཐའ་ཅན།
གཏེ་པ།,གཏའ་མ།
བྱོན་།,སྦྱོན།
ཞག་གི་ཟོ་རིས་།,ཞག་གི་སོར་རིས་ཞེས་སོར་མོ་གསུམ་གྱི་རི་མོ།
ནེ་ལེ་།,དྲིང།
ཆབ་།,ཆུ།
ཞུགས་།,མེ།
བསེར་བུ་།,རླུང་།
དོག་མ་།,ས།
གོར་མོ་།,རྡོ།
དགུང་།,གནམ།
དགུང་ལོ་།,གནམ་ལོ།
མད་པ་།,བདེན་པ།
གཞེས་པ།,བཞུགས་པ།
ཕྱལ་།,ལྟོ་བ།
ཏྲེས་སམ་།,སླེ་ཏྲེས་དང་ཕྱེ་མ།གང་།,གག།
ཅི་ཕྱིར།,ཇི་རོབ།
ཇི་སྙམ།,ཇི་ལྟར།
རྩེ་མོ།,སྤྱི་བོ།
ཤིན་ཏུ།,རབ་ཏུ།,ཏེ་པོར།
རྐྱེན་སྨན།,རྐྱེན་རྩི།
ལྟག་པ།,གླག་པ།
སྤོས་དང་སྤོས་ཕོར།,པོག་དང་པོག་ཕོར།
བསལ་བ།,བསྩལ་བ།
སོགས་པ།,སྩོགས་པ།
བསུ་བ།,བསྩུ་བ།
དྲི་བསུང་།,དྲི་བསྩུང་།
བསངས་པ།,བསྩངས་པ།
རྫོཊ་སོ།།,རྫོགས་སྷོ།།
གཡོགས་པ།,ཡོགས་པ།
གོ་ཆ།,གོ་ཅ།
བྲག་ཆ།,བྲག་ཅ།
རིན་པོ་ཆེ།,རིན་པོ་ཅེ།
དཀོན་མཆོག།,དཀོན་ཅོག།
རིན་ཆེན།,རིན་ཅེན།
ཁྱིམ།,སྡུམ་པ།
དབུས།,དབུང༌།
འགྲོ་བ།,བགོམ་པ།
གྲུབ་པ།,རེད་པ།
འགྲེལ་བ།,བགྲོལ་བ།
ཉི་ཟླ།,གཉི་ཟླ།
བསྟན་བཅོས།,བསྟན་ཆོས།
འཐུག་པོ།,སྟུག་པོ།
ཉི་ཤུ་།,གཉིས་བཅུ་
སུམ་ཅུ་།,གསུམ་བཅུ་
སུམ་བརྒྱ།,གསུམ་བརྒྱ།
བསམ་གཏན།,བསམ་བཏན།
ཀྱེ་།,ཀྭ་
གང༌།,གག་
ཡང་ཡང༌།,སྐྱོར་སྐྱོར།
སྟེང་འོག།,བླ་འོག
མི་ཟད་པ།,བླ་སྐྱལ་བ།
གཉེན།,རྩ་ལག
དཔང་པོ།,གཉའ་བོ།
དངོས་ངན་པ་།,རིད་པ་
ཤ་ཆུང་བ།,སྐེམ་པ།,སྦེག་པ།
ཉམས་པ།,གྱ་བ།
བརླག་པ།,གྱག་པ།
སྟོང་ཉིད།,ཡེ་འབྱམ།
ཏོག་དང་རྩེ་མོ་དང་ཤ་ཉམས་དང་མེའི་དྲོད།,དབལ།
སྣང།,ངོ་ག
ཉེ་འཁོར།,གམ་ཡོ།
ཚི་ཆད་དམ་ཡི་ཆད།,དམུས་བྱུང་།
ཅ་རེ།,ཐེན་ཆེར།
བཞད་གད་ཀྱི་སྒྲ།,ག་ཞན།
གོ་ཆ་སྤྱི།,རྨོག།,ཡ་ལད།
ཐོག་མ།,སྔོན།,གནའ།
མཐའ་དག་གི་དོན།,ཡོད་དོ་ཅོག་དང་འགྱུར་རོ་ཅོག་ལྟ་བུའི་ཅོག
སྐེམ་པ།,སྦྲེབས་པ།
བཤང་ལམ།,གསང་ཁུང་།
རྒྱན་འགྱེད།,མདུང་དོར།
གཏན་དུ།,ཆམ་དུ།
ཐོབ་པ།,བཞག་པ།,ནོད་པ།
ཚིག་གི་དོན།,ཐ་ཚིག
ངལ་གསོ་བ།,བསྟི་བ།
བསམ་པ།,བརྣག་པ།
བརྐྱང་བ།,སྨྱང་བ།
ནམ་ཡང༌།,ནམ་ཞར།
འོན་ཀྱང༌།,འོན་ཏང་།
དྲང་བ།,འཁྲིད་པ།,བཀྲི་བ།
བར།,དབྲག
ཟགས་པ།,གཟགས་པ།
མཉམ་ཉིད།,ཕྱམ་ཕྱད།
གླེང་བ།,བགྲོ་བ།
ཡང་དག་པ།,ཕལ་པོ་ཆེ་དང་སྙན་གྱི་གོང་རྒྱན།,རྨ་ག་ཆད།
བྱི་དོར་ལེགས་པ་དང་གཟབས་པ་དང་སྤྲས་པ་དང་། སེམས་ལ་སྒོམ་པ་དང་ཡོད་པ།,བསྟར་བ།
དཔྱིས་ཕྱིན་པ།,གཏིང་ཕྱིན་པ།
མནའ།,བྲོ།
ཚོགས་པ།,ཆང་ཁྱུ།
སྤོབས་པ།,སྤ་ལོ།
ངན་པ།,ཐ་རམ།
འཁྲུ་བ།,བརྙང་བ།
ཐང༌།,དབྱེ།
དོར་བ།,ཕྱིར་བསྐྲད་པ།,བསྙིལ་བ།
ལག་པ་བཀྲུས་པ།,ལག་པ་བསྙལ་བ།
བྲང༌།,མཐོང་ག
སྣམ་བུ་འཐུག་པོ།,གླམ་པ།
སྤྲོ་ཐུང་བ།,ཁྲ་ཁྲོ་ཅན།
གཏུམ་པ།,རུང་ཁུས་ཟ་བ།
ཐོག་མ།,མགོ་ནན།
དང་པོ་དང་རེ་ཞིག།,ཇེ།
གཞི་མ།,གཞི་པོ།
འཚམ་པ།,ཇི་འོས།
ཉེས་པ་ཁས་མི་ལེན་པ།,གནོང་མི་བཀུར་བ།
བསྒོ་བ་ལ་མི་ཉན་པ།,བསྒོ་བ་རྣར་གཟོན་པ།
གསང་བ།,སྦེད་པ།,འཆབ་པ།
སྦྱོར་དཀའ།,འཛན་དཀའ།
ཞེ་སྡང་བ།,འཁུ་བ།
སྦས་པ།,བཅབས་པ།
མ་བརྟགས་པ།,གྱ་ཙོམ།
རྣ་བ་གཏོད་པ།,རྣ་བླགས།
ངན་པ།,ཐ་ཆད་པ།
སེལ་བ།,སྩེལ་བ།
འགྲོ་བ།,འཕྱེ་བ།
གསང་ཚིག་དང་སྨྲ་བ་ཙམ།,སྨྲེང་ཚིག
སྨྲ་བ།,སྨྲེང་བ།
ངན་པར་སྨྲ་བ།,སྨྲེ་བ།
ངན་པར་སྨྲ་བ།,སྨྲེ་སྔགས།
དྲིས་པ།,རྨས་པ།
རྩུབ་པ།,མི་འཇབ་པ།
བཅོམ་པ།,ཞིག་པ།,དྲལ་བ།
སྟོད་སྨད་དམ་ཕྱི་ནང༌།,བླ་མཐང་།
བཟང་པོ།,ལེགས་པ།,བསོད་པ།
བྲིམས་པ།,བྱིན་པ།,བསྟབས་པ།
འབྲིམ་པ།,སྟེར་བ།,སྟོབ་པ།
མགྲོན་དུ་གཉེར་བ།,སྟོབ་པ།
སོང་བ།,བྱེར་བ།
རྒྱས་པར་བྱ་བ།,བརྟ་བ།
རྒྱས་པ།,བརྟས་པ།
ད་ནི།,ད་ཀོ
འདི་ནི།,འདི་ཀོ
ཁྲོ་བ།,བཀོན་པ།
བརྟག་པ།,ཇི་ག
བཟའ་ཚོ།,ཁྱོ་ཤུག
འབབ་པ།,གཞོལ་བ
རྣམ་པ་གཉིས་སུ་ན།,ཉིས་ན།
རེངས་པ།,ཡང་ན་ཐ་བ།
རིམ་གྱིས།,མཐར་གྱིས།
སླར་ཡང་ངམ་ནམ་ཡང༌།,གཞར་ཡང་།
བསམས་པ།,མནོས་པ།
ཕུན་སུམ་ཚོགས་པ།,གྱ་ནོམ།
ཡོད་པ་དང་ལེགས་པའི་དོན།,གྱ་ནོམ་སྣང་བ།
རྒྱུན་པར།,ཕྱད་པར།
ཐོགས་པ།,བསྣམས་པ།
ཤ་སྟག།,ཤ་དག
འཇུག་པ།,འཇུད་པ།
འདུས་པ།,འཇུག་པ།,རྔུབ་པ།
འཇིགས་སྟངས།,ཚམ་ངམ།
མ་བསམ་པར་སྨྲ་བ།,འཕྲལ་མ།,བབ་བབ་བམ་བབ་ཅོལ།
འཕྲིན་ལས།,ཕྱང་ཡར།
ཟུར་དང་རྒྱབ།,སྣམ་ལོགས།
ལོགས་སམ་འཕྲེད་དམ་འཆོལ་པ་གོ་རིམས་སུ་མི་གནས་པ།,སྣྲེལ་ཞི།
ཟས།,ཉོད་པ།
གོས།,རོད་པ།
ངེས་པར་རམ་རྣམ་པ་ཀུན་ཏུ།,རྣམ་པ་ཐམས་ཅད་ཀྱི་ཐམས་ཅད་དུ།,ཡོང་ཡེ།
མནར་མེད་དམ་ངལ་གསོ་མེད་པ།,བསྟིར་མེད།
ལྟོགས་པ།,སྤྲིབས་པ།
བཀྲེས་པ།,བྲུ་བ་ཚ་བ།
ཟད་པ།,མཐའ་དག་པ།,བས་པ།
ངེས་བཟུང༌།,བརྣན་པ།
འབྱོར་བ།,རམ་ཤག
ནོམ་པ།,སྲིད།,མནངས།
རྒྱ་ཁྱོན།,མཐའ་གྲུ་དང་ཐག་གྲུ།
ཁ་ཟས།,མནབ་རྩལ།
མཁས་པ།,གྲིམ་པ།,གཡེར་པོ།
མདུན་མ་ཆུད་མི་ཟའོ།།,ཁོས་རང་ཆབ་མི་འཚལ་བ།
བརྗེད་པ།,བསྐྱུད་པ།
དལ་བུ།,ཁད་ཀྱི།
མྱ་ངན།,བྱུར།
སྣོད།,ཡོལ་གོ
འཇིགས་པ།,བསྙེངས་པ།
ང་རྒྱལ།,བསྙེམས་པ།
རྐང་པ།,ཡུག་པ་དང་ཡོབ་ཡོབ།
ལག་པ།,སུག་པ།
ཡིད་གཉིས།,ནེམ་ནུར།
སྐ་རགས།,རྒྱ་ཅང་།
གྲུ་བཞི།,གུར་བུ།
དམན་པ།,དོན་མེད་དམ་རང་བཞིན་པ།,གྱི་ན་དང་གྱིན་འདར།
གློ་བུར་བ།,བརྟད་པ།
མི་ཁེབས་པ།,མི་ཡོགས་པ།
འདུས་པ།,འུབས་པ།
སྐྱེས་སམ་རྫོངས།,ཁུད་པ།
བཀོད་པ།,སླགས་པ།
ཐག་བཅད།,ཕྱང་ཆད།
མགྱོགས་པ།,སྐྱེན་པ།,ལ་གོར།
མུ་སྟེགས།,མུར་འདུག
མཐོ་འཚམ།,ཅོ་འདྲི།
ཟུང་འཇུག།,ཡེལ་འཕྱོས།
ཟོས་པ།,འཆོས་པ།
བསྟེན་པ།,གཞེར་བ།
ཚོགས་པ།,འདུ་འཕྲོད།
མཉམ་པ།,ཕྱ་ལེ་བ།
ཁྱབ་པ།,ཆིབ་པ།
འདུན་པ།,ཁོས་པ།
ནན་གྱི།,ངོ་མཐོན།
གཏམ་མམ་གྲོས།,མོལ་པ།
རྐོས་མཁན།,ཚུད་མོ་མཁན།
ཚོགས་ཤིང་འདུ་བ།,གོ་འདུན།
ཟུར་ཟ་བ།,གཞུར་བརྟག
སྟ་གོན།,ཉེར་བསྡོགས།
མདའ།,མྱག་ཕྲན།
ཐེ་ཚོམ་མེད་པ།,གོར་མ་ཆག་པ།
ཐེ་ཚོམ་མེད་པ།,གོར་མ་བཀུམ་པ།
གཞུ།,གནམ་རུ།
ཟད་པ།,སྤྲུག་པ།
ཁྲིམས་བསྒྲགས་པ།,བཀར་བཏགས།
དོན་མེད་པ།,ཕུང་ཀྲོལ།
གཏད་པ།,ལྷགས་པ།
རྣམ་གཡེང་དང་རང་ཉིད་འདོད་པའི་ཆོས་གཞན་ལ་ངོམ་ཞིང་སྒེག་པའི་དོན།,ཕྱར་གཡེང་།
ཟབ་པ།,སྒམ་པ།
ཉམས་སད་པ།,བགམ་པ།
གྱོན་པ།,མནབས་པ།
ཕྲན་ཚེགས་སམ་སྲེད་ཞེན་ཆེ་བ།,རྩེག་ལོག
མཐར་ཕྱིན།,ཚར་ཕྱིན།
འབེབས་པ།,བཞག་པ།,དབབ་པ།
བརྡེག་པར་བརྩམས་པ།,གཟས་པ།
ཚོགས་པ།,ཕོན་པོ།
སྨྲས་པ།,ཟེར་བ།,འཛེར་བ།
ཞེན་པ།,འཆད་པ།,འཆེལ་བ།
གཏམས་པ།,ཐ་རམས།
སྣོད།,ཕྱིས་བུ།
མཐར་ཕྱིན།,རྩེར་ཕྱིབས།
ཁ་གདངས་སམ་རྣམ་པར་བསྒྱིངས་པ།,གླལ་བ།
ཕུབ་པ།,གྱོན་པ།,ཀླུབས་པ།
འདོད་པ།,གཡེམ་པ།
ཁ་ཟེར་བ་དང་ཁ་དྲག།,མུ་ཅོར།
དྲང་པོ།,གནམ་པོ།
ཁོར་ཡུག།,ཁོར་ཟུག
ལྷན་ཅིག་པ།,ཆབས་ཅིག་པ།
རྟོགས་པ།,ཆུབ་པ།
སྣ་ཚོགས་སམ་གང་མོས།,གོ་འདུན།
ཁོང་དུ་ཆུད་པ།,མོང་དུ་ཆུད་པ།
རྒྱ་ཆེ་བ།,རླིབས་པ།
ལྕགས་ཀྱུ།,མཆིལ་པ།
ལྕགས་ཀྱུ།,ལྕགས་ཀྱོ།
འགྱོད་པ། གཏོང་བ།,འགྱེད་པ།
ཤ།,ཟས།,ཟང་ཟིང་།
སྤོང་བ།,འགྱེར་བ།
རག་མ།,གེར་མ།
ལྟོ་བ།,ཕག།,རུམ།
བུམ་པ།,ཕོམ་པ།
འདོད་པ།,རྗེས་སུ་འབྲང་བ།,རྟོན་པ།
ལྡིང་བ།,འཕྱོ་བ།
འཇོམས་པ།,འགེམས་པ།
ཡུན་དུ།,སྙུགས་སུ།
འཕྲོག་པ།,དབྲོག་པ།
མནན་པ།,གླེབས་པ།
གཅེར་བུ།,རྐྱང་པ།,རྗེན་པ།
ནན་གྱིས་སམ་རྒྱལ་གྱིས།,གལ་གྱིས།
ལེན་པ་དང་བཅགས་པ་དང་དངོས་པོ་ཡིད་དང་རྣ་བར་འཐད་པ་ལྟ་བུ་ལའང་ཡོད།,འཇེན་པ།
ལུག་པ་སྟེ་ཟས་མ་ཞུ་བ་ཕྱིར་བྱུང་བ།,རླུགས་པ།
ཉེས་པ།,ནོངས་པ།
གོང་པོ།,ཡན་ལག་མེད་པར་ལྟོ་བས་འགྲོ་བ།,འཕྱེ་བོ།
ཚུར་ཤོག།,ཚུར་ཤེག
བརྗོད་པ།,སྙད་འདོགས་པ།,ལྕེ་རྟེན།
བསྒྲིབས་པ།,གྲིབ་རི་དང་མཚན་མོ།,སྲིབས་པ།
པགས་པའི་གོས།,སླག་པ།
འཕེན་པ།,སྡོད་པ།
སྐར་ཁུང༌།,ཁོལ་མའམ་གླང་མིག
འགྱེད་པ།,འགྲེམས་པ།
འཁར་གསིལ།,གསེག་ཤང་དང་གསིལ་བྱེད།
གཙུག་ཏོར་ཅན།,སྤྱི་ཏོར་ཅན།
སྔར་སྨྲ་བ།,དྲང་པོར་སྨྲ་བ།,གསོང་པོར་སྨྲ་བ།
ཐོར་ཅོག་ཅན།,དོ་ཀེར་ཅན།
ཆོས་སྟོན་འོས་པ་ལའང་སྦ་བ།,དཔེ་མཁྱུད།
ཡང་དག་པའི་གཏམ།,འབེལ་བའི་གཏམ་དང་བཀའ་མཆིད།
མན་ངག་ཕྲན་བུ་སྦས་ཏེ་འཆད་པ།,མཁྱུད་སྤྱད།
མཐར་ཐུག།,མུར་ཐུག
རྟོགས་པ།,ཕོལ་བ།
ཐག་བཅད་པ།,ལ་ཟླས་པ།
མཐའ་འགེགས་པ།,ཐག་གཅོད་པ།,ལ་ཟློ་བ།
མི་ཤེས་པ།,མི་ཆ་བ།
རྒྱུས་མེད།,ཆ་མེད།
ཐབས་མེད་པ།,རྒྱུས་མེད་པ།,གཏོལ་མེད་པ།
ཇི་ལྟར།,ཅི་གར།
མཐར་ཕྱིན།,ཅི་ཆིབ།
གང་ཞིག།,གར་ཅིག
གཉེན་ཀ།,སྨྱན་ཀ
ཉམས་པ།,འབགས་པ།
བླུན་པོ།,དམུན་པ།
རྫུན།,ཤོ་བེ།
རྫུན།,ཤོབ།
རོ་ཟན་ནམ་གཤིན་ཟས་སམ་དད་ཟས།,ཤིད་ཟན།
ཕོ་བྲང་ངམ་དམག་སྒར།,ཕྲུ་མ།
གཤིན་པོ་ལ་དམིགས་པའི་དགེ་བ་བསྒྲུབས་པ།,ཤིད།
རྩེ་བ།,སྤོང་བ།
བརྩོན་པ།,བརྟུན།
སྒོ་གླེགས།,སྒོ་འཕར།
སྡིགས་པ།,ཁྲོས་པ།,སྤྱོས་པ།
གཡེལ་བ།,སྙོམ་ལས།,སྙེམ་པ།
ཚོང་ཁང༌།,དབྱེ་ཚོང་།
བཀྲམ་པ།,ཐང་ལ།
བསྡུས་པ།,ཕྱོགས་གཏོགས།,བསླན་པ།
རྫོགས་པར།,ཚོག་ཕོར།
བཅད་པ།,གཞོགས་པ།,བདར་བ།
བརྐྱང་པ།,གཟི་བྱིན།,གཟེངས་པ།
འཇིག་པ།,འཆེག་པ།
རྨོངས་པ།,གློས་པ།
གཏན་མེད།,རྨེག་མེད།
ཅོ་དྲི།,སྡང་བར་བྱེད་པ།,གཡེན་སྤྱོ་བ།
ཞར།,གཡམ།
གསོལ་བ།,རྨེད་པ།
ལྷུང་བཟེད།,སློང་ཕོར།
ཉན་རྣ།,བང་ཆེན།,བྱ་མ་རྟ།
ནད་པ།,བྲོ་འཚལ་བ།
སྲེག་གནས།,ད་བུར།
སྐྱེལ་མ།,འཇིགས་པ་ལས་སྐྱོབ་པ།,བསེལ་བ།
སྡེ་སྣོད།,གཙུག་ལག
འདོད་པ་ལ་ལྷག་པར་སྤྱོད་པའི་མིང་།,བསོད་ཉམས།
བཤད་པ།,བསྙད་པ།
རྫོགས་པ།,གོ་རེ།
རྩུབ་མོ།,བརླང་པོ།
ཟུར་མིག་གམ་སྒེག་ཆོས།,གཞོགས་སྟེགས།
སྐ་རགས།,ཤུར་བུ།
བགྲོད་བྱ་སྟེ་བུད་མེད།,འཛན་མོ།
སྨད་འཚོང༌།,འཇུད་མཐུན་དང་འདོད་འགྲོ་དང་གཟུགས་འཚོང་།
ལས་དེ་དང་དེ་ལ་བསྐོས་པ།,ལག་གི་བླ།
བགྲོད་བྱེད་དེ་སྐྱེས་པ།,འཛན་ཕོ།
སྐ་རགས་རྒྱན་ཅན།,སྐ་རགས་ཕོག་གུ་ཅན།
གནོད་རྒྱུ།,འཐབ་ཀྲོལ།
གཡོ་བ།,འགྲེ་བ།
མཆིང་བུ།,དོ་ཟན།
སྐ་རགས་ཀྱི་རྒྱན།,ལྕགས་ཕོད།
ཡིད་མི་དགའ་བ།,སྒྱིད་ལུག་པ།,ཁོད་སྙོམ་པ།
མགྱོགས་པ།,རྒྱུག་པ།,དཀྱུས་མོ།
རྫིང་བུ།,དང་ལ།
ལ་བ།,ཀླབ་པ།
ཁྲིམས།,དམ་རྒྱ།
རྣ་མེད།,ཞ་སྒྲེ།
ལྟག་ཐེར།,ལྟག་སྒྲེ།
སྡང་སེམས།,སྒོར་མོ།
མདེའུ།,རྣ་བྲང་།
བསླང་བ།,བཤུག་པ།
སྒོམ་ཐག།,པུས་མཁྱུད།
ཁ།,གདོང་ངམ་མདུན།,གཡར།
བུ་རམ་གྱི་དྭངས་མའི་ཤ་ཁར།,ཧྭགས།
བཏགས་པ།,ཐགས་རན།
ཉམས་པ།,རྨས་པ།
མཐུ།,མངན།
གྲལ་ལམ་ཕྲེང་བ།,དངར།
རྔན་པ།,གསུག་པ།
མཆོད་པ།,བརྔན།
རྣམ་འདུད།,རྣམ་འདལ།
གཏོང་བ།,འགྱེད་པ།
བརྗེས་པ།,དབྲེས་པ།
གཉེན་བསླུས་པ།,བསེན་ཁུས་པ།
ཁ་སྨྲས་སམ་བཀྱོན་པ།,བརྒྱད་བཀག
འདི།,འོ་ནི།
ཞུས་པ།,དྲིས་པ།,བཟླུགས་པ།
འབོད་པའི་བརྡ་ཚུར་ཤོག་ཅེས་པ་ལྟ་བུའོ།།,སྤྱོན་པ།
སླེབས།,བྱོན།
ཉེ་བར་བསྟེན་པ།,འབྲོངས་པ།
མི་ཟློགས།,མི་སློན།
མུན་པ།,སྨག
བཙོན་ར།,གོ་ར།
སྙིང་པོ་མེད་པ།,མི་བདེན་པ།,ཡ་མ་བརླ།
ཕྱི་རོལ།,ཀླད་རོལ།
གང་ཟག།,ཆང་ཐུབ།
མདུན།,དོག་མ།
ལྕུག་ཕྲན།,རན་པ།
ཡལ་ག།,གེལ་པ།
འཇུག་པ།,འཕག་པའམ་ཆ་བ།
འབྲེལ་མེད་དམ་རྐྱང་པ།,རེང་བུ།
མི་ཞུམ།,མི་འགོང་།
ཉེ་འཁོར།,ཐན་ཀོར།
བ་གམ།,བོག་རེ།
མ་ལེགས་པ།,མ་སྟེས་པ།
སྟོབས་ཤུགས།,སྟེས་དབང་།
སྔོན།,གནའ་བོ།
གཙོ་བོ།,སྣ་བོ།
མི་ཞུམ།,མི་གུ།
བཅུད་ཚོར།,ཉེའུ་གྱི།
རྨང༌།,ཉེན།
འཛིན་པ།,བེ་ནོ།
ཁྲུས། དཀུ་མཉེ། དྲིལ་ཕྱི། མེ། སྟན་གྱི་མིང་།,སྲོ་གང་། བསྲོ་ཁངའང་སྣང༌།
རྒྱུད་མངས་སམ་དབྱངས།,ཇེང་།
རྨི་ལམ།,རྨང་ལམ།
རྣ་རྒྱན།,གྱ་ཐོ།
ལན་སློན།,ལན་བོན།
མཇུག་དོའི་ནང༌།,མདོང་མོ།
སོ་རྙིལ་གྱི་ནད།,རྣིལ་ནད།
ཧུབ་རེ།,རྔུབ་རེ།
ཁོལ་བ།,རྦ་ཀློང༌།,ཆུ་བྲུབ་པ།
རླིག་ཕྱུང་སྟེ་བཙུན་མོའི་འཁོར་དུ་འབྱུང་བ།,ཉུག་རུམ།
སྟེང་གཡོགས།,ཞོགས་མ།
མགུ་བ།,གཞའ་བ།
འཇའ་ཚོན།,གཞའ་ཚོན།
བསད་པ།,འགྲན་པ།,བསྐྱད་པ།
ཕྱི་རོལ།,ཕྱི་བི།
ཕ་རོལ།,ཕ་བི།
ཆུ་མེད་པ།,དགོན་དུང་།
བ་ཚྭ་ཅན།,ཚ་སྒོ་ཅན།
བླུན་པོ།,མོང་བརྟུལ།
བ་གླང༌།,ལུང་བོང་དང་བན་ཀླང་།
འཁོར་ལོ།,ཕོལ་མིག
ལྷ།,ཕ་མེས།,མཚུན།
ཁས་ལེན་པ།,འཆེས་པ།
གསོལ་བ།,འཕེའུ།
གཡུང་དྲུང་ངམ་འཕྲིན་ལས།,གཞའ་གསང་།
དམ་བཅའ།,དམ་དེམ།
རྒྱན་ནམ་སྤུད་པ།,ཕྱང་སྤྲུལ།
དབུ་འཕང༌།,དབུ་རྨོག
ཡིད་དགའ།,ཡིད་སྨོ།
ཉི་ཟེར།,གཉི་ཟེར།
ཟ་བ།,སྦོན་པ།
བརྐྱང་པ།,རྙོང་བ།
འགྲོ་བ།,འབྱེར་བ།
སླུ་བ།,འདྲིད་པ།
དང་པོ།,གཟོད་མ།
ཐམས་ཅད།,རིལ།
གུར།,གཟེབ།
དབང་དུ་གྱུར་པ།,ཀློང་དུ་གྱུར་པ།
ཞོན་པ།,བཅིབས་པ།
དྲག་པོ།,མི་བཟད་པ།
མི་སྡུག་པ།,དྲག་ཤུལ།
བཅོས་མ།,གཅམ་བུ།
འདོད་ཞེན།,བརྐམ་པ།
འདོད་ཆགས་ཆེ་བ།,བརྐམ་ཆགས།
གསོངས་ཤིག།,འཆོབས་ཤིག
འཁོས་ཀ།,གཉོད་ཀ
ཞན་པ།,གཡུང་བ།
གཟུ་ལམ་དང་རང་བཟོ།,བརྟུན་ངེས་པ།
འཇིབ་པ།,གཞིབ་པ།
འཇུག་པ།,འགྲོ་འཚམས།,གླགས་པ།
སོང་སྟེ།,དོང་སྟེ།
འགྲོ་བ།,འདོང་བ།
མཁོ་བ།,འཕངས་པ།,ཡིད་དུ་འོང་བ།,དཔེན་པ།
ཅིས་ན།,ཇིས་ན།
ཕོ་བཙོག།,བཙོག་པོ།
གལ།,རྙོང་།
སྒྲོན་མེ།,ཏ་ལ་ལ།
ཉུང་ངུར་བྱས་པ།,བསྙུངས་པ།
ཉེ་རིང༌།,བསྙེན་སྲིང་།
རྡོ་བ།,སྦང་བྱེད།
ཉམ་ཐག།,ཀོས་ཐག
སྔར་བཞིན།,སྔ་མཁོ།
མྱུར་དུ།,སྨྱུར་ཏེ།
བྱོན་ཅིག།,འོན་ཅིག
དྲང་པོ་མིན་པ།,ལྡེམ་པོ།
ངེས་པར།,ཉིང་ཏོར།
གྱིས་ཤིག།,བྱོས་ཤིག
དགའ་བ་དང་རིལ་པོ།,རངས་པ།
ཁོང་འབྱིན།,ཁོང་འཁྱིད།
བཟི་བ།,གཏུ་ལུམ།
བཀུར་བ།,གྱུ་བ།
ཁེངས་པ་སྟེ་ལྟ་བ་མཐོ་བའི་དོན།,ཕོ་ཐེག་ཆེ་བ།
སྲན་ཆེ་བ།,ཕོག་སྙན་ཆེ་བ།
སྨྲ་བ།,རྨེ་བ།
བླུན་པོ།,རྨུན་པོ།
ཆག་པ།,ཉམས་པ།,འཕན་པ།
ཆུ་ངོགས།,ཆུའི་དངོ་།
གྲིའི་སོ།,གྲིའི་དངོ་།
ཡང་དག་མིན་པ།,ཡོན་ཁར་བ།
རེས་འགའ།,འོར་འགའ།
བརྩོན་འགྲུས།,འབྲུས་འགོགས།
བརྒལ་བ།,འབོགས་པ།
བརྒྱལ་བ།,འབོག་པ།
བྱ་རྒྱ།,བྱ་རྐོན།
གཅིག་ཏུ།,གཉིག་ཏུ།
རྨུགས་ཤིང་སོང་བ།,བློང་བ།
ཡི་མུག་གམ་རིག་པ་མི་གསལ་བ།,བློ་བློང་། བློང་བློང་ཡང་ཟེར།
དྲན་བསྐུལ།,གཞེན་འདེབས་དང་གཞན་བསྐུལ།
དུར་གྱི་གནས།,ཆད་པའམ་བང་སོ།
ཕན་ཏེ།,ཕོལ་ཏེ།
འདི་ནས།,འུང་ནས།
རིགས་ངན།,ཉིད་གྲུལ།
དམོད་མོ།,རྔད་མོ།
རང་བཞིན།,རང་ཉམས།
འགྲན་ཟླ།,འགྲན་དོ།
དབྱིབས་སུ།,ཡིབས་སུ།
དྲེགས་པ།,བླ་ཁྱད།
འོན་ཀྱང༌།,འུང་ཏེང་།
བོར་བ།,འོར་པ།
ཕ་རོལ།,ཕ་ལོགས།
རོལ་མོ།,གྱིམ་ཤིང་།
རྒྱན་པོ།,ཆོ་ལོ།
ཟུག་ནས།,ཟུས་ནས།
ཆོས་སྟོན་ནམ་ཟུར་ནས་གྲོས་འདེབས།,བློན་འདེབས།
སྨྲ་བ།,ཞུས་པ།,ཞུ་བ།,གདས་པ།
ན་རོ།,སྣ་རུ།
རྨའི་སྒོ།,འགྲོངས།
ཆུང་མ།,མཆིས་འབྲང་།
མ་དུལ་བ།,མ་དྲངས་པ།
ལྗོངས།,གཞོངས།
བྱིས་པ།,བུས་པ།
འགྲོགས་པ།,ལེགས་པ།,སྙན་པ།,འཇེབས་པ།
ཆད་ལས།,ནན་ཏུར།
བདེན་ཏེ།,ཡུས་ཏེ།
ཞབས་འབྲིང༌།,ཞ་འབྲིང་དང་ཞམ་འབྲིང་།
ལྟས་ངན།,རྨེན་ངན།
སྨྲ་བ།,གཏི་བ།
ཕྱི་བཞིན།,སླད་བཞིན།
རྩུབ་པ། སྣོད།,གཤོར་བ།
འཁྱམ་པ།,འཕྱན་པ།
ཅ་ཅོ།,ཀླག་ཅོར།
བཤེན་པ།,ཤེན་པ།
རྙིངས་པ།,རྙིས་པ།
ཞན་པ།,སྨྱེ་བ།
ལན་ལྡོན་པ།,ལེའུ་གློན་པ།
ལག་མཐིལ།,འདྲག་མཐིལ།
བུམ་ཆུང༌།,བུམ་བུ།
རྩིག་པ།,རྩིག་གུ།
ཀུན་ཀྱང༌།,བྲུངས་ཀྱང་།
བུད་མེད།,རེ་རྨ།
ནན་ཏན།,ནན་ཐུར།
གཉིད།,གཡུར་དང་ཡུར།
འཛག་སྣོད།,སྒྲེའུ་ཆུང་།
སྟན་ཁྲ་བོ།,པར་ཏང་དང་དྲེའུ་རྔོག
བཅུག་ནས།,སྨྱུགས་ནས།
ལྷག་སྟེ།,དཀུ་སྟེ།
ཀྱེ་མ།,ཀྱི་འུད།,མ་ལ།
ནོན་ནོ།,ངོག་གོ
མདུན་ནས་བསྟོད་པ།,མདུན་དུ་བགྱིས་པ།,མདུན་བདར་བ།
གར་བུ།,ཐོང་ཁོར།
སྒྱོགས།,ལག་ཏུབ།
ལོང་བ།,ལྡོངས་པ།
ལོང་ཁྲིད།,དམིགས་བུ།
སོང་ན།,ངོག་ན།
དཔངས་མཐོ་བ།,ཕྲ་མོ་མ་ཡིན་པ།,མོད་མི་དམའ་བ།
ཞལ་བ།,རྙོང་ངམ་བྱུག་པའམ་སྐྱང་ནུལ། ཞལ་ཞལ།
ཉེ་སྐོར།,ཐན་སྐོར།
བྱུགས་ཤིག།,ཡུགས་ཤིག
ལྟོ་ཆེ་བ།,ཟ་ཕོད་པ།
ལྟུང་འབྲས།,ལྟུང་རུས།
ཟེར་ཏོ།།,འཛེར་ཏོ།།
ཁྲུས་ཁང༌།,དུགས་ཁང།
འཕྱ་བ།,དཔྱ་བ།
སྔ་བ།,སྔ་ཟ།
ནགས་ཚང་ངམ་མེ་ཁང༌།,ཚང་མང་།
ཤ་ཁུ།,ཁུ་ཤ
མན་ངག།,ཐམ་ལག
བརྒྱན་པ།,གཞགས་པ།
ཁ་ཁྱེར་རམ་སྟེགས་བུ།,ལས་ཀན།
འཚེམ་པ།,འདྲུབ་པ།
བཙེམས་པ།,དྲུབས་པ།
དགོས་པ།,དེ་མོ།
ཕྱི་ས་ཁང་པ།,རྣམ་ཕྱིས།
གཞོང་བུ།,སྐུན་བུ།
རྐང་རྟེན་ནམ་སྐས་ཀ།,ཡ་གད།
ཅི་ཡོད།,ཅི་ཆོག
ཞི་བ།,ཐ་གི
གཅེར་བུ་པ།,རྒྱུ་ཁུ་ཅན།
དཔྱང་ཐག།,གཟར་ཐག
བཙུན་མོའི་འཁོར།,སླས།
ས་ཞག།,གྱོང་རལ།
ལམ།,བཤུལ།
བདེན་པ།,མད་པ།
བྱ་ར་བ།,སྤྱན་པ།
འཕྲིན་པ།,ཆེམས་པ།
འདུག་ས།,མདུན་ཁང་ངམ་བཀད་ས།
ཚོགས་པ།,འདུག་པ།
འབྲས་བུའི་སྙིང་པོ།,ཚིག་གུ།
དར་ལ་བབ་པ།,སྐྱེས་ཕྲན།
བརྗོད་པ།,སྙད་འདོགས་པ།,ལྕེ་རྟེན།
བྲེགས་པ།,རེགས་པ།
ཉམས་པ།,སྐྱོས་པ།
དལ་པོར་འདུག་པའི་ཆུ།,ཆུ་འདལ་བ།
བུལ་བ།,འགོར་བ།,ཉུལ་བ།
མཐུན་པ།,གཞར་བ།
ཁྱེ་བོ།,གྲི་གུག།,ཆན་པ།
སེང་གེ་ཤ་ར་བྷ་སྟེ་སེང་གེ་རྐང་པ་བརྒྱད་པའི་མིང་།,ལྡང་སྐོ་སྐ་དང་བསེ་ཁ་སྒོ།
རེས་འགའ།,ཆེད་འགའ།
འཁྲུག་པ།,སྐྱོ་སྔོགས།
ལེན་པ།,ཐོབ་པ།,ནོད་པ།
རིམ་གྱི།,བགས་ཀྱི།
སྣོན་པ།,བརླ་བརྙན།
གོས་ཤུབས།,ཚང་ཐུར།
གཡར་བ།,བརྙན་པ།
གཡས་པ།,བརྙས་པ། སྐབས་ཐོབ་ཉོས་པ་ལའང་།
རང་རེ།,བདག་ཅག།,ཡུ་བུ།
དལ་བ།,ཁོམ་པ།
གྲུ་གུ།,ཕོ་ལོང་།
ར་རོ་བ།,ཕྱག་ལས་ཁོམ།
གསོད་པ།,དགུམ་པ།
འཆི་བ།,འགུམ་པ།
བསད་པ།,ཤི་བ།,བཀུམ་པ་དང་གུམ་པ།
གསོལ་དུ།,རྨེད་དུ།
ངན་པ།,མཐའ།,འཁོབ་པ།
རླུང༌།,ཛི།
མཆུ་རིང་ངམ་དཀྱུས་རིང༌།,འཁྲུན་རིང་།
བསྡམས་པ།,སྦས་པ།,བརྣོགས་པ།
བཟོད་པ།,བསྲན་པ།,མནགས་པ།
མིང་པོ།,དྲལ་པོ།
ཨ་ཆེ།,སྲིང་མོ།,ཆེ་ཞེ།
མཛེས་པ།,མཚམས་ཕྱེད་པ།,འབྱེས་པ།
རུང་བ།,སྤུ་ལ་བབ་པ།
མི་ཕོད།,མི་ཆོག
ཅོག།,ཤིང་ཐགས།
བཏུང་བ།,རྩང་ནན།
བྱམས་པ།,འཐམས་པ།
བརྒྱལ་བ།,འཁམས་པ།
ཁྱིམ་མཚེས།,སྡུམ་མཚེས།
སྐལ་བ་ཆེ་བ།,དཔལ་ཆེ་བ།,སྐལ་བ་བཟང་བ།,དབང་ཐང་ཆེ་བ།
མ་ལངས་པ།,མ་ནངས་པ།
སྔོན་གྱི།,ནངས་ཀྱི།
སྣང་གཡེལ་ཅན།,གཡེར་བག
བསྐྱོད་པ།,བརླམས་པ།
ས་རྗེན།,སྒྲེ་བོ།
ཡོད་པ།,འོད་པ།
མིག་གི་དྲི་མ།,སྐྱོ་མ།,མིག་གི་རྔུ་མ།
དོང་དུ།,སྦལ་དུ།
གཞོན་ནུ་མ།,ཕྱུགས་ཕྱུང་།
འཁུར་བ།,སྣོག་གཟན།
མཆོད་རྫས།,བྱ་མོ་ལབ།
པུ་ཤུ།,ལན་ཀན།
རྒྱུ་འགྲུལ།,རྒྱུན་ལུགས།
སྤྱན་འདྲེན།,གཡར་འདྲེན།
ཁས་ལེན།,གཡར་ལེན།
དམ་བཅའ།,གཡར་དམ།
མདུན།,གཡར་ལམ།
ཁ་ཁྲལ་ལམ་ངོ་ཁྲལ།,གཡར་ཁྲལ།
ངོ་ཚ།,གཡར་ཚ།
སྐུ་ཁམས།,གཡར་ཁམས།
གདོང༌།,གཡར་ངོ་།
འགྲོ་བ།,སྒེའུ་ཆུང་།
ཁ་འདམ་སྟེ་བཅའ་སྒ་དང་རོ་ནུས་ཆ་མཐུན་ཞིག་གི་མིང༌།,སྒེའུ་གཤེར།
རྩ་བ།,དྲུང་།
པྲ་ཆལ།,འགྱུར་བྱེད།
མི་ནད་དམ་རིམས་ནད།,མི་ངས།
ཞལ་ཟས།,ཞལ་ཚུས།
ཤིང་ཏོག།,ལོང་བུ།
གཅེར་བུ་པ།,འོས་པ།
རྩེ་བ།,རོལ་བ།,རྩེན་པ།
སྟེང་གཡོགས།,བླ་གབ།
སོམས་ཤིག།,ཐོམས་ཤིག
སྨྲ་བ།,མི་སྦེད་པ།,མཐོལ་བ།
འཁྲིག་པ།,བཤོས་པ།
ཕེབས་པར་སྨྲ་བ།,གཏམ་འདྲེས་པ།
གྲོགས་པོ།,སྨོན་འདྲིན།
སྔ་ཕྱི།,གོང་འོག།,ལྟག་འོག
བསྟུན་པ།,སྤུན་པ།
དང་པོ།,ཐོག་ཐོག
ཟིན་བྲིས།,རེག་ཟིག
ཟླས་པ།,བོན་པ།
ན་ཟླ།,ནེའུ་ལྡང་།
སྒོག་སྐྱ་སྟེ་ར་སུ་ན།,ལ་ཤུ་ན།,སྒོག་པ།
བཙོང་སྟེ་པ་ལཱ་ཎུ།,ཀུན་དོང་།
རི་སྒོག།,ཀེའུ།
དབང་ལག།,ཧམ་ཤང་མཚེའུ།
ཛཱ་ཏི་སྟེ་སྣ་མའི་མེ་ཏོག།,ལིག་ཤི་ཝེར།
ཙི་ཏྲ་ཀ།,ཀྲུ་ཀྲུ་ཏྲེས།
ཐབས་ཀྱིས་གཞན་ནོར་འགུགས་པ།,ཐོབ་ཀྱིས་འཇལ་བ།
བཙོད་མདོག།,ཇ་ཧོང་།
མི་གཙང་བ།,བཤང་བ།,སླད་ཚ།
འབྲེལ་མེད་དུ་སྨྲ་བ།,ངག་འཁྱལ།
བློ་ལ་ཡོད་པ།,བབ་ཐོབ་ཡོད་པ་དང་འཐུག་པ།,བརླིང་བ།,ཤ་ཆགས་པ།
ཀུ་རེའི་ཚིག།,ཀྱལ་ག
མགོན་ནམ་གྲོགས།,བསྟང་བ།
སུན་འབྱིན་པའི་ཚིག་སྟེ་མི་ངན་པ་ལ་མི་ཡ་མཚན་ཅན་ཞེས་བརྗོད་པ།,བསྟིངས་ཚིག
འཛིན་པ་ཆེ་བ།,དུས་པོ་ཆེ།
ཕན་པ།,གྲོགས།,སྟོངས་པ།
ནོར་གྱི་སྤྱིའི་མིང༌།,དཀོར་དང་ཀ་ཅ།
ཁོང་ཡངས་པ།,དཀྱེལ་ཆེ་བ།
སྙིང་སྟོབས།,ཆུ་གང་།
མང་པོའི་ནང་ནས་འདམས་པ།,བཀྲབས་པ།
བསྐྱེད་པ།,བཙུགས་པ།,བསྐྲུན་པ།
གཅོད་པ།,སྐྲུས་པ།
འགྲན་པ།,སྒྲུན་པ།
གཞན་ལ་ཐབས་ཀྱིས་འབྲིད་པ།,བསྐྲུ་བ།
གར་བ།,རོའི་ཁྱད་པར།,བསྐ་བ།
གངས་སྦལ་ལམ་རྩངས་པ།,སྐྱིན་གོར།
མི་སྐྲག་པ།,མི་འགོང་བ།
སྦོས་པ།,དབོས་པ།
གཞན་གྱི་ནོར་ཁྱེར་བ་ཕྱིར་མི་གཏོད་པ།,དངན་འཐེན།
བདུད་རྩི།,ཟིལ་དངར།
འཇིགས་ནས་སྐད་ཆུང་ངུར་སྨྲས་པ།,ཁ་རོག་འདུག་པ།,བཅོམ་བསྐྱུངས།
ཚོད་དང་དུས།,མན།
ཞེན་ཆགས་ཆེ་བ།,འཇུངས་པ།
རང་གི་ཤ།,ཉིང་ཤ
རྡོ།,ཇུ་བོ།
བྱིན་ལེན་མ་བྱས་པར་ལེན་པ།,ལག་ཉ།
ཁྲུས།,ཉེ་རེག
མས་གཏུན་དང་ཡས་གཏུན།,མཆིག་དང་མཆིག་གུ།
ཁོན་ཡོད་པ།,ཤ་ཀོན་ཞུགས་པ།
ངལ་བ།,མཉེལ་བ།
འཁོར་གཡོག།,ཕྱག་བརྙན།
འཐབ་པ།,སྨད་པ།,སྤྱོ་བ་དང་བརྒྱད་པ།
སྐྲ་ཚབ།,སྐྲ་བརྙན།
བྲག་ཆ།,སྒྲ་བརྙན།
བཤད་པ།,བསྟན་པ། ཁེངས་པ,བཅོལ་བ།,གཏམས་པ།
སྐྱེས་པ།,འཁྲུངས་པ།,བལྟམས་པ།
སྙིང་སྟོབས་ཆེ་བ།,རྟུལ་ཕོད།
བསྡུས་པ།,འཇམ་པ།,བརྟུལ།
གནམ། མཚན་མོ། དགུང་ལོ་སོགས།,དགུང་།
ཉི་མ།,ཉིན་པར།,གདུགས།
འཕང་ངམ་སྲིད།,འཁྲུན།
ཞེང་ངམ་སྦོམ།,ཁོ་ལག
ཞིམ་པ།,བདའ་བ།
སྣ་ཚོགས་འདྲེས་མ།,ཁྲ་བོ།,འདྲེན་མ།
བླ་ཅོལ།,བླ་བརྡོལ།
སྲན་དཀའ་དང་ཁེ་ཆུང་བ།,མནག་དཀའ་དང་མནོག་ཆུང་།
དཔྲལ་བ།,འཕྲལ་བ།
འཇོལ་ལེ་བ།,ཕྱང་ངེ་བ།
གྲལ།,བྱུག་རིས།
ལྷ་འབངས།,རྩེ་རྒོད།
གཡོག།,ནང་བྱན།
ཉམས་རྒྱས་པ།,ཡན་ལག་དང་ཉིང་ལག་རྒྱས་པ།,མཚག་བཟང་བ།
རྟིང་དཀར།,མཚལ་ལུ།
ཟས་སམ་ལྟོ།,འཚལ་མ།
ཤེས་པ།,ཆོག་པ།,འདོད་པ།,འཚལ།
ཐོས་པ།,ཤེས་པ།,འཁུམས་པ།
ཉིང་ཁུ།,ནུ་རྫི།
སྡོད་པ།,བཞུགས་པ།,།
བར་ཆོད་པ།,རྒྱང་རིང་བ།,བསྐལ་བ།
འཇིབ་པ།,གཞིབ་པ།
མི་རིངས་པ།,མ་རྟབས་པ།
ཧམ་ཁྱེར།,རླམ་ཁྱེར།
གུས་པ།,སྒྲིན་པ།,བརྟགས་པ།
སྒྲེགས་པ།,གསུད་པ།
ངོས་ཀྱིས་སྐྱོན་བརྗོད་པ།,ཤུབ་བུས་སྨོད་པ།,གཤུང་བ།
སྐྱེལ་གླ།,སྐྱེལ་བདར།
དྲི་མི་ཞིམ་པ།,དྲི་ཚ་བ།,དྲི་དཀུ་བ།
སྨད་པ།,འགོང་བ།
གཡོག་པོ།,མངག་གཞུག་དང་ཅི་བགྱི།
སྙིགས་མ་མེད་པ།,ཆུད་ཟ་བ།,ཉམ་ཆུང་བ་མེད་པ།,ཤིན་ཏེ་མ་མེད་པ།
སྦུངས་སྐྱེད་པ།,དམ་བཅའ་བརྟན་པ།,སག་རྩ་སྐྱེལ་བ།
ཕྲ་མ་དང་ཕྱེ་བ།,སྐྱོ་མ།
སྲོག་ཆགས་མུག་པ།,སྲིལ།
ཚོད་མ།,སྐྱུ་རུམ།
ཚོད་མ།,སྤགས་མ།,བྱ་ན།
བསྲེས་པ།,སྤུན་པ།
རྒྱན།,སྤེན་ཏོག
མཛེས་པ།,བྱིན་ཆགས་པ།,སྤ་བ།
ངོམ་པ།,བདག་བསྟོད།,སྤྱོམས་པ།
ལའི་ཚུགས་པ།,ལ་གཅན་པ།
ཡུལ་གྱི་ཚུགས་པ།,ཤོ་གམ་པ།
གྲུ་ཚུགས་པ།,གྲུ་བཙས་པ།
ཚོང་པ།,དོན་མཐུན། འགྲོན་པོ།
དཔྱི་མགོ།,སྟ་ཟུར།
གཏོང་བ།,སྤོན་པ།
རྫུན་པ།,སྤུན་པ།
རྗེ་བཙུན།,རྗེ་བཙན།
ངག།,དངགས།
ནོར།,དབྱིག
སོ་ཟིང༌།,སོ་སྟོ།
སྤྱི་ཐེར།,སྤྱི་ཅེར།
བསྡུས་པ།,བཟླུམས་པ།
བཀུར་སྟི་དང་མཆོད་པའི་མིང་གི་རྣམ་གྲངས།,བརྗེད་པ་དང་རིམ་གྲོ་དང་བཙུན་པར་བྱ་བ།
ཁུ་བ་བཏོན་པའི་སྙིགས་ལྟ་བུ།,བཀུས་ཏེ་བོར་བ།
ཆུད་མི་ཟ་བ།,ཆབ་མི་འཚལ་བ།
དར་ཡོལ་བ།,རྒན་པོ།,ཕྱིད།
མཚན་མ་ཆད་པ།,སླེ་འདམས་པ།
མོ་མཚན་གྱི་ནད།,མཚན་བར་རྡོལ་བ།
དཔྲལ་ཀོ་འཐུག་པ།,སྤྱི་བརྟོལ་ཆེ་བ།
ཚི་ཆད་པ།,དམུས་པ།
ཉམས་དང་འཁོས་ཀ་ཁ་ཅིག་ཏུ་རྩ་བ།,ལྷག་མ།,སྨེག་པ།
གོས་ཚོས་མ།,སྨྲིག
ཞ་ཉེ།,ག་གོན་དང་ཚོན་མོ་སྟེང་།
ཞ་ཉེ་ནག་པོར་ཡན་ལག་བརྒྱད་པའི་འགྲེལ་པ་ཟླ་ཟེར་ལས་བཤད།,རོ་ཉེ།
ཟས།,སྤྲབས་པ།
ཕྲོགས་པ།,བཏོགས་པ།
གད་བྱེད་པ།,གོ་རེ་ལོང་།
སྡུག་བསྔལ།,སྨྲེ།
ཕོ་མཚན།,ཡན་ལག་སྐྱེས།
ཉམས་པ།,རྨྱ་བ།
ལེགས་པ།,གྲོས་མཐུན་པ།,མཉེས་པ།
མི་བརྒྱང་བ།,མྱུར་བ།,མི་བཀྱིག་པ།
ཉེས་པ་བཤགས་པ།,ཞེ་སྡང་ཞི་བ།,སྤུ་བསྙལ་བ།
ལུས་ངག་ཡིད་ཀྱི་ཞེ་སྡང་ཞི་བར་བྱེད་པ།,སྤུ་སྙོལ་བ།
བུ་ལོན་བདའ་བའི་དཔང་རྒྱ་སྟེ་ཡི་གེ་བཅུག་པ།,ཆགས་རྒྱ།
གྲོས་མཐུན་པ།,ཁ་ཕྱིན་པ།
ལྟོགས་པ།,བཀྲེས་པ།,བྲུ་བ།
ཕན་བཏགས་པ།,སྨན་བཏགས་པ།
གཞན་གྱི་འཚེ་བ་མེད་པར་རང་དབང་དུ་གནས་པ།,རྣལ་དུ་ཕབ་སྟེ།
སྲན་ཆུང་བ།,གཞོན་ཤ་ཅན།,བཟེ་རེ་ཅན།
ཆགས་པ།,ཆུམས་པ།
ཟན་ཟ་བ།,འཚལ་མ་འཚལ།
སྨྲ་བ།,ཟེར།,བླ་ན།
འཆམས་པ།,མཐུན་པ།,ཁ་དུམ་པ།
བདེན་དཔང༌།,ཆེ་བཞི།
རྒྱལ་བཙུགས་པ།,སྐུགས་སུ་བཙུགས་པ།
ལྗོངས་རྒྱུ་བ།,གཞོངས་སྤྱོད་པ།
ཞིང་པ།,ཆུང་པ།
དབང་གིས་འཆུ་བ།,དུས་ཀྱིས་འཆུ་བ།
གོས་བཟོ་བ།,བཟང་མཁན།
མི་འཇིགས་པ།,སྤང་བ།
བཅུག་པ།,སྨྱུགས་པ།
རྒྱ།,རྙི་རྙོང་ངོ༌།,ཀོག་རྩ།
རྩེ་མོ།,ཐོར་ཏོ།
བསད་པ།,བཏུངས་པ།
རགས།,ནམ་སྲོས་ཀྱི་བར་དུ་བྲོངས་ཤིག ཆུ་ལོན།
ཉེ་བ།,མ་རེག་ཙམ་དུ་དྲུང་དུ་བསྙེན་ཏེ།
གནས་ནས་ཕྱུང་བ།,གནས་ནས་སྤེད་པ།
སྟོ་ཀའང་ཆུང་ངུའི་སྐད་དོད་ཉིད་ཡིན།,མར་ཆུང་ངུ་།
མི་འགར་པོ་ཞེས་ཟེར་བའང༌།,མི་ཁེངས་པ་ཆེ་བ།
སྦོམ་པོ་དང་རགས་པ་དང་རྒྱ་ཆེ་ བའི་སྐད་དོད་ཟུར་ཆག་པས་ཐུལ་ཆེ་བ།,སྠུ་: 
དབང་སྔོན་ཏེ།,ཨནྡྲ་ནཱི།
ཟུར་ཆག་པས་གུ་གུལ་།,གུགྒུ།
རིགས་མེད་དེ་ཟུར་ཆག་པས་ནེའུ་ལེ་།,ན་ཀུ།
་ཚོད་མ།,ཟེས་སྤགས་མ་: འཇུག་པ་ཟུར་ཆག་པས་བྱ་ན་།,བྱཉྫ་ན།
དིག་པ་།,དྷིཀ་ཅེས་པ་ངན་པའི་སྐད་དོད་ཟུར་ཆག་པས་མི་གླན་པ།
ཟླུམ་པོའི་སྐད་དོད།,གོ
ཟི་ཁྱིམ་།,ཛྷེ་ཀྵ་མ།
ལ་ཟུར་ཆག་པས་ཏལ་ཙམ་།,སྒྲོན་མེའི་སྐད་དོད་ཏ།
འཇུག་པས་སྒྲ་དོན་སྐབས་སྟོབས་ཀྱིས་ཤེས་དགོས་པ་ལ།,ཚྭ་དང་རལ་གྲི་དང་རྟ་སོགས།
ཚིམ་བྱེད་དེ།,སིཧླ།
ཞེས་བསིལ་སྨན་དུ་འདོན་པ་།,བསིལ།
གདུང་དང་སྐུ་།,ཤ་རཱི་རཾ།
བརྗོད་པའི་ལམ་ལས་འདས་པ་ལྟ་བུར་སྣང་མོད།,ཏེ་ན་ཏེ་ཟེར་ལོ་ཞེས་མང་དུ་འཆད་སྣང་བ།
ཕྱིང་སང་།,བློན་པོ།
ཧ་ཡང་ཧ་།,དངུལ་རྫུས་མ།
གཡང་རྩེ་།,ལུགས་རྒྱུ་མཚན་བསྙད་པ།
ཟིན་གཟན་།,ཕིང་ཆང་དང་གཟན་གྱི་མིང་།
གསེར་ཞལ་།,རྒྱལ་པོའི་ཞལ།
གསེར་ཡིག་པ་།,བང་ཆེན།
ཧོར་གྱི་བརྡ་ཡང་སྣང་སྟེ།,གསེར་སྐྱེམས་སོགས་ཀྱང་རྒྱ་ནག་གི་བརྡར་སྣང་ཞིང༌།
པག་ཤི་།,བཙུན་པ།
དར་ཁ་ཆེ་།,དབང་ཆེ་བ།
གནམ་མཆོད་པ་།,ལེགས་པ།
གནམ་དུ་གཤེགས་པ་།,མི་ཤི་བ།
གནམ་གྱིས་བསྐོས་པ་།,བསོད་ནམས་ཆེ་བ།
ཆོལ་པ་།,ཁོལ་བ།
མདོངས་ཐལ་ཅན་།,རྨ་བྱའི་མིང་མདོངས་མཐའ་ཅན།
གཏེ་པ།,གཏའ་མ།
བྱོན་།,སྦྱོན།
ཞག་གི་ཟོ་རིས་།,ཞག་གི་སོར་རིས་ཞེས་སོར་མོ་གསུམ་གྱི་རི་མོ།
ནེ་ལེ་།,དྲིང།
ཆབ་།,ཆུ།
ཞུགས་།,མེ།
བསེར་བུ་།,རླུང་།
དོག་མ་།,ས།
གོར་མོ་།,རྡོ།
དགུང་།,གནམ།
དགུང་ལོ་།,གནམ་ལོ།
མད་པ་།,བདེན་པ།
གཞེས་པ།,བཞུགས་པ།
ཕྱལ་།,ལྟོ་བ།
ཏྲེས་སམ་།,སླེ་ཏྲེས་དང་ཕྱེ་མ།