ཀ་བཀོལ་མ,ཀ་ཁོལ་མ་
ཀ་ཅོག་ཞང་གསུམ,སྐ་ཅོག་ཞང་གསུམ་
ཀ་ཆ,ཀ་ཅ་
ཀ་ནི་ཤཀ,ཀ་ནི་ཀ་
ཀ་པེད,ཀ་བེད་
ཀ་བ,ཕྱིའི་དབྱིབས་ཀ་བ་
ཀ་བེད,སྟོད་ནས་བྱུང་བའི་ཤིང་ཏོག་བིལ་བ་མོ་འདིའི་དབྱིབས་བུམ་པ་
ཀཱ་ཏྱཱ་ཡ་ན,ཀ་ཏྱའི་བུ་
ཀག,དུས་ངེས་ཅན་གྱི་བར་ཆད་ཀྱི་དོན་དུ་གོ་བའི་སྐག་
ཀརྣི་སྒོ་བཞི,ཀཀནི་སྒོ་བཞི་
ཀིང་ཤུ་ཀ,ཀེང་ཤུ་ཀ་
ཀུ་མུ་ད,ཀུ་མུད་
ཀུ་མུཏ,ཀུ་མུད་
ཀུ་རུ་ཀུ་ལླེ,ཀུ་རུ་ཀུ་ལེ་
ཀུ་ཤ་ལི,ཀུ་སཱ་ལི་
ཀུན་བརྟགས་ཀྱི་མ་རིག་པ,གྲུབ་མཐའ་ངན་པའི་ལྟ་བ་ཉོན་མོངས་པ་
ཀེ་རྩེ,ཀེའུ་ཙེ་
ཀེཨེ་ལ་ཤ,ཀེ་ལ་ཤ་
ཀེའུ་རྩེ,ཀེའུ་ཙེ་
ཀོ,དགར་དང་བརྣན་པའི་ནི་སྒྲའི་འཇུག་ཚུལ་
ཀོ་ཀོ,ཀོས་ཀོ་
ཀོ་སྐོ,ཀོས་ཀོ་
ཀོ་ཅི,ལྷག་བཅས་སྟེ་སོགས་ཀྱི་སྒྲའི་འཇུག་ཚུལ་
ཀོ་བྱིལ,ཀོ་བྱི་ལ་
ཀོ་ཙེ,སྐོ་ཙེ་
ཀོཨོ་ཤི་ཧན,གུ་ཤི་ཧན་
ཀོག་ཚེ,ཀོག་ཙེ་
ཀོལ་མ,བསྐོལ་མ་
ཀོས་སྐོ,ཀོས་ཀོ་
ཀཱ,རང་
ཀྱལ་རྟ,ཀྱལ་ཏ་
ཀྱུ་རུ་ར,སྐྱུ་རུ་ར་
ཀྱེ་མ་ཀྱེ་ཧུད,ཀྱེ་མ་ཀྱི་ཧུད་
ཀྱེ་ཧུད,ཀྱི་ཧུད་
ཀྱེཨེ་རྡོ་རྗེ,ཀྱེ་རྡོ་རྗེ་
ཀྱོག་པ,ཀྱོག་པོ་
ཀྱོང་བུ,༢.་ཀྱོང་པོ་
ཀྱོང་མོ,ཀྱོང་པོ་
ཀྲད་འཁོར,ཀྲད་ཀོར་
ཀྲི་ཁ,སྐྱ་ཀ་
ཀྲུ་ཀྲུ,དབྱིབས་དང་མདོག་བྱ་ཕུག་རོན་
ཀྲུམས,ཀྲུམ་
ཀླད་ཞོ,ཀ་ལིའི་ནང་གི་ཀླད་པ་ཞོ་
ཀླུང་རྟ,རླུང་རྟ་
ཀློང་ཐང་སྒྲོན་མ་ལྷ་ཁང,ཀློང་ཐང་སྒྲོལ་མ་ལྷ་ཁང་ཁང་
དཀག་པ,རྐན་
དཀར་པོ་སྦལ་རྒྱབ,རྡོ་སྨན་གྱི་རིགས་དབྱིབས་སྦལ་པའི་རྒྱབ་ཀྱི་འབྲུམ་པ་
དཀར་བ,༢.་མདོག་དཀར་པོ་
དཀར་མོ,མདོག་དཀར་པོ་
དཀར་རྩིས,སྐར་རྩིས་
དཀོན་པ,དཀོན་པོ་
དཀོན་མོ,དཀོན་པོ་
དཀྱིལ་ཀྲུང,སྐྱིལ་ཀྲུང་
བཀའ་ཚིགས,བཀའ་གཙིགས་
བཀྱི་བ,བཀྱིལ་བ་
བཀྱིས་པ,བཀྱིལ་བ་
བཀྲེན་པོ,བཀྲེན་པ་
བཀྲེས་སྔབ,བཀྲེས་རྔབ་
རྐང་སྔུན,རྐང་སྔོན་
རྐུན་མ་རྫབ་ཆེན,རྐུན་མ་ཚབས་ཆེན་
རྐུབ་ཙོས,རྐུབ་ཚོས་
རྐེད་པ,སྐེད་པ་
རྐོང་བུ,ཀོང་བུ་
རྐོན་བུ,རྐོན་པ་
རྐྱ་པ,སྐྱ་མི་
རྐྱ་བ,སྐྱ་བ་
རྐྱ་མ,སྐྱ་མ་
རྐྱ་མི,སྐྱ་མི་
རྐྱང,༡.་ལུས་པོ་དྲེལ་
སྐད་ཅ,སྐད་ཆ་
སྐུ་སྙེ,སྐུ་སྙེས་
སྐུ་རྟེན,སྐུ་
སྐུན་ཁར,སྐུན་མཁར་
སྐུན་བུ,སྐུན་པོ་
སྐེ་ཙོང,སྐེ་རྩོང་
སྐེ་ཚེ,ལོ་སྡོང་སོགས་ཡུངས་ནག་
སྐེད་འཆིང,སྐེད་ཆིངས་
སྐྱ་ཀ,སྐྱ་གང་
སྐྱ་བ,སྐྱ་བོ་
སྐྱ་བོ,ཐལ་བ་
སྐྱ་སེང,སྐྱ་སང་
སྐྱ་བསང,སྐྱ་སང་
སྐྱ་བསངས,སྐྱ་སང་
སྐྱ་བསེང,སྐྱ་སང་
སྐྱར་པོ,སྐྱར་མོ་
སྐྱི་བུངས,སྐྱི་བུང་
སྐྱི་འབྲུ,སྐྱི་འབྲས་
སྐྱི་བསེར,སྐྱི་སེར་
སྐྱིགས་པ,སྐྱིགས་བུ་
སྐྱིང་ཁེབ,སྐྱིང་ཁབ་
སྐྱིང་ཁེབས,སྐྱིང་ཁབ་
སྐྱིད་པ,སྐྱིད་པོ་
སྐྱིན,གཟུགས་དབྱིབས་ར་
སྐྱིན་ཁབ,སྐྱིང་ཁབ་
སྐྱིན་ཁེབ,སྐྱིང་ཁབ་
སྐྱིན་ཁེབས,སྐྱིང་ཁབ་
སྐྱིན་པོ,སྐྱིན་པ་
སྐྱུག་བྲོ་བ,སྐྱུག་བྲོ་པོ་
སྐྱུང་ཀ་ཁ་ལེབ,ཚག་རྒྱག་བྱེད་ཀྱི་ཡོ་བྱད་བྱ་སྐྱུང་ཀའི་མཆུ་དབྱིབས་
སྐྱུང་ཀ་རྩེ་རྐྱོང,ཚག་རྒྱག་བྱེད་ཀྱི་ཡོ་བྱད་བྱ་སྐྱུང་ཀའི་མཆུ་དབྱིབས་
སྐྱུར་པོ,སྐྱུར་མོ་
སྐྱུར་བ,༣.་སྐྱུར་མོ་
སྐྱེ་ཀ,སྐྱ་ག་
སྐྱེ་རྒུ,སྐྱེ་དགུ་
སྐྱེ་རྟགས,སྐྱེ་བརྟག་
སྐྱེ་མེད་སྡུག་ཟད,སྐྱིད་མེད་སྡུག་ཟད་
སྐྱེ་ཚེ,སྐེ་ཚེ་
སྐྱེ་གཟུགས,སྐྱེ་གཟུགས་མཛེས་པ་ལྷ་
སྐྱེགས,སྐེགས་
སྐྱེད་ཀ,སྐྱེད་ཁ་
སྐྱེན་པོ,སྐྱེན་པ་
སྐྱེར་པའི་འབྲུ,སྐྱེར་པའི་འབྲས་བུ་
སྐྱེས་བུ་ཆུང་ངུ,སྐྱེས་བུ་ཆུང་བ་
སྐྱོ་འདུར,སྐྱོ་ལྡུར་
སྐྱོ་བསངས,སྐྱོ་སང་
སྐྱོར་འབྱིན,དཀྱོར་འབྱིན་
སྐྲ་ཁ,སྐྱ་ག་
སྐྲ་རྫུན,སྐྲ་བརྫུས་
སྐྲ་སུ་ལུ,སྐྲ་སུ་རུ་
བསྐོབ,སྐོབས་
བསྐོལ་འདན,བསྐོལ་ལྡན་
བསྐྱོས་པ,སྐྱོས་པ་
ཁ་ཁ,ཁག་ཁག་
ཁ་འཁྱེར,ཁ་ཁྱེར་
ཁ་རྒས་པ,ཁ་རྒན་པོ་
ཁ་རྒོད,ཁ་རྒོད་པོ་
ཁ་སྟན,ཁ་གདན་
ཁ་དྲོ་པོ,ཁ་དྲོ་བ་
ཁ་འདོན,ཁ་ཏོན་
ཁ་མོ,ཁ་པོ་
ཁ་རྩང,ཁར་རྩང་
ཁ་ལོ,རྟ་འདི་ཁ་ལོ་བདེ་པོ་མི་འདུག་ཁ་ལོ་མེད་པ་རྐྱང་,སྣ་ལོ་མེད་པ་འབྲོང་
ཁ་གཤགས,ཁ་ཤགས་
ཁང་བྱེའུ,ཁང་བྱིའུ་
ཁང་བྱེལ,ཁང་བྱིའུ་
ཁང་ཚན,ཁམས་ཚན་
ཁབ་བཙུན་མོ,ཁབ་བཙུན་མ་
ཁམ་ཚོད,ཁམ་ཚད་
ཁམས་རིས,ཁམས་བྲིས་
ཁམས་ལོག་པ,ཁམས་ལྡོག་པ་
ཁར་རྗེ,ཁ་རྗེ་
ཁས་ཞན་པ,ཁ་ཞན་པ་
ཁུ་འཕངས,ཁུ་འབངས་
ཁུག་འཁྱོག,ཁུག་ཀྱོག་
ཁུག་རྣའི་ཁ་དོག་ཡན་ལག་གི་ཁ་དོག་བརྒྱད་ཀྱི་ནང་གསེས་ཤིག་ཁུག་སྣ,ཁུག་རྣ་
ཁུར་མང,ཁུར་མོང་
ཁུར་ཚ་བ,ཁུར་ཙ་བ་
ཁུར་ཚོས,མཁུར་ཚོས་
ཁུལ་འཕྱིང,ཁུལ་ཕྱིང་
ཁེ་རྐྱང,ཁེར་རྐྱང་
ཁེ་སང,ཁེ་བཟང་
ཁེད,སྙན་ངག་གི་གབ་ཚིག་གི་རྒྱན་
ཁེབ,ཁེབས་
ཁེར་རྒོད,ཁེར་དགོད་
ཁོག་རྩེ,ཀོག་ཙེ་
ཁོང་རལ,ཁོང་རུལ་
ཁོང་སེང,ཁོང་གསེང་
ཁོན,འཁོན་
ཁོན་པ,འཁོན་པ་
ཁྱབ་བརྡལ,ཁྱབ་གདལ་
ཁྱི་སྤྱང,སྤྱང་ཀི་
ཁྱིད,མཁྱིད་
ཁྱིམ་བཅུ་གཉིས,གླང་ལ་སོགས་པའི་གདོང་པའི་དབྱིབས་
ཁྱིམ་ཐབས,ཁྱིམ་ཐབ་
ཁྱུང་སྡེར་དཀར་པོ,ཤིང་སྨན་གྱི་ནང་ཚན་བྱ་ཕོའི་ཕྱི་སྡེར་
ཁྱུད་ཁོར,ཁྱུད་འཁོར་
ཁྲ་མ,ཁྱ་མ་
ཁྲི་གཉན,ཁྲི་སྙན་
ཁྲི་མོན,ཁྲི་མུན་
ཁྲི་ཤིང,འཁྲི་ཤིང་
ཁྲི་སྲོང་ལྡེ་བརྩན,ཁྲི་སྲོང་ལྡེ་བཙན་
ཁྲི་སྲོང་ལྡེའུ་བཙན,ཁྲི་སྲོང་ལྡེ་བཙན་
ཁྲུ་སློག་པ,ཕྲུ་སློག་པ་
ཁྲུས་མ,ཁྲུད་མ་
ཁྲེལ་དགོད,ཁྲེལ་རྒོད་
ཁྲེལ་བགད,ཁྲེལ་རྒོད་
ཁྲོལ་ལོ་ལོ,ཁྲོ་ལོ་ལོ་
མཁར་སིལ,འཁར་གསིལ་
མཁལ་མ་ཞོ་ཤ,འབྲས་བུ་མཁལ་དབྱིབས་
མཁྲང་བ,༢.་མཁྲང་པོ་
མཁྲེགས་པ,མཁྲེགས་པོ་
འཁོལ་ཆུ་གཙང་པོ,མཐར་བུམ་ཆུ་
འཁོས་ཁ,འཁོས་ཀ་
འཁྱུག་ཙམ,ཁྱུག་ཙམ་
འཁྲང་གྱུར,མཁྲང་འགྱུར་
འཁྲན་ཆ,འཁྲེན་ཆ་
ག་གེ་བ,ག་གེ་མོ་
ག་ན་བ,ག་ལ་བ་
ག་པུར,ག་བུར་
ག་གཞའ,ག་ཞ་
ག་འུ,རྒ་བུ་
གད་ཁ,གད་ཀ་
གད་བརྒྱངས,གད་རྒྱངས་
གན་ཀྱལ,གན་རྐྱལ་
གབ་རྩེ,གབ་རྩེ་
གབ་ཚེ,གབ་ཙེ་
གར་བ,གར་པོ་
གར་མོ,གར་པོ་
གི་ལིང,གྱི་ལིང་
གི་ཧང,གི་ཝང་
གུ་གུ,གི་གུ་
གུ་དུང,གུ་ཐུང་
གུ་ཡངས་པ,གུ་ཡངས་པོ་
གུང་ལ་ཕུག,ལ་ཕུག་གི་བྱེ་བྲག་ཅིག་གུང་སང།གུང་སེང་
གུང་གསེང,གུང་སེང་
གུང་བསང,གུང་སེང་
གུར་ཀུམ,གུར་གུམ་
གུར་ཁང,དབྱིབས་གུར་
གེག་པ,གཉན་ནད་དུ་གོ་བའི་གག་པ་
གོ་གྲས,གོ་གྲལ་
གོང་འཐུས,སྔར་གྲོ་མོ་བའི་མི་སེར་གྱི་འགོ་བྱེད་དེ།རྫོང་གཞིས་གཞན་དག་གི་ཚོ་དཔོན་
གོད་ཁ,གོད་ཀ་
གོད་མ,གྱོན་པ་
གོའུཏམ,གོཨོཏམ་
གོར,༡༽གོར་ནད་
གོས་འདང,གོས་ལྡེང་
གཱ་ཤཱ,གཱ་ཞུར་
གྱ་གྱུར་འགྲོ,གྱ་གྱུ་འགྲོས་
གྱ་མ་གྱུ,གྱ་ཚོམ་
གྱིང,གིང་
གྱིང་ཤང་ཀོང་ཇོ,གྱིམ་ཤིང་ཀོང་ཇོ་
གྱིམ་ཤང་ཀོང་ཇོ,གྱིམ་ཤིང་ཀོང་ཇོ་
གྱོང་བ,གྱོང་པོ་
གྱོན་འདང,གྱོན་ལྡེང་
གྱོན་ལྡང,གྱོན་ལྡེང་
གྲལ་མ,དྲལ་མ་
གྲུང་བ,གྲུང་པོ་
གྲུལ་བུམ,གནོད་སྦྱིན་གྱི་རིགས་ཤིག་སྟེ་རྒྱ་མཚོའི་ནང་དུ་གནས་པའི་གནོད་སྦྱིན་གཟུགས་མིའི་དབྱིབས་
གྲུས་མ,དྲུས་མ་
གྲེ་བསལ,གྲེ་གསང་
གྲོ་ཞིན,གྲོ་བཞིན་
གྲོ་ཞུན,གྲོ་བཞིན་
གྲོག་པོ,གྲོག་མོ་
གྲོལ་མ,འབུ་དམར་
གྲོས་བསྡུར,གྲོས་སྡུར་
གླ་བུ,གླ་པ་
གླང་ཐབས,གླང་འཐབ་
གླིང་ཁ,གླིང་ག་
གླེ་གདམས་པ,སླེ་འདམས་པ་
གླེ་འདམ་ཅན,སླེ་འདམ་ཅན་
གློ་སྐར,གློ་དཀར་
གློ་ཕྲེང,ལོང་ཕྲེང་
གྷི་ཝམ,གི་ཝམ་
དགུང་ཚིགས,གུང་ཚིགས་
དགུན་གདུང,དགུན་དུང་
དགུར་པོ,དགུར་བ་
དགུར་མོ,དགུར་བ་
དགེས་པ,དགྱེས་པ་
དགེས་པ་རྡོ་རྗེ,དགྱེས་པ་རྡོ་རྗེ་
དགོན་དུང,དགུན་དུང་
དགྱེ་བོ,༢.་དགྱེ་པོ་
བགྲང་འཕྲེང,བགྲང་ཕྲེང་
འགང,འགངས་
འགན་འཛི་ར,འགན་འཇིར་
འགལ་བ་ཅན་གྱི་དོན་གཞན་བཀོད་པ,དེ་
འགི་ཝང,གི་ཝང་
འགི་ཧང,གི་ཝང་
འགིའུ་ཝང,གི་ཝང་
འགུར་ཞོ,མགུར་ཞོ་
འགོའུ་ཏ་མ,གོཨོཏམ་
འགྲུལ་སྣ,འགྲུལ་ཁ་
འགྲེང་པོ,འགྲེང་བུ་
འགྲོན་ཁང,མགྲོན་གང་
འགྲོན་པོ,མགྲོན་པོ་
འགྲོན་བུ,མགྲོན་བུ་
རྒ་བ,ཤིང་ཏོག་སྨིན་ནས་རྙིང་པ་
རྒུད་པོ,གུད་པོ་
རྒོ་བ,དགོ་བ་
རྒོ་བ་ར་ཅ,དགོ་བའི་སྤུ་
རྒྱ་ཆང,རྒྱ་ཅང་
རྒྱ་ཕུབས,རྒྱ་ཕིབས་
རྒྱ་སྦྱོང་དམག་སྒར,སྔར་མན་ཇུ་གོང་མའི་སྐབས་བོད་ཀྱི་ཨམ་བན་གྱིས་ལྷ་སར་བཙུགས་པའི་རྒྱ་མིས་སྦྱོང་བརྡར་བྱས་པའི་བོད་ཀྱི་དམག་སྒར་ཞིག་དེ་
རྒྱ་ཟོག,རྒྱ་གར་ནས་ཐོན་པའི་ཚོང་ཟོག་རྒྱ་ཟོང།རྒྱ་ཟོག་
རྒྱབ་འདྲེ,རྒྱ་འདྲེ་
རྒྱལ་མོ་རྔུལ་ཆུ,རོང་བྲག་སོགས་རྒྱལ་མོ་རོང་བརྒྱུད་དེ་ལུའོ་ཧྲན་བྱམས་ཆེན་མདུན་རྨིན་ཅང་
རྒྱུད་མངས,རྒྱུད་མང་
རྒྱུན་བསྲིངས,རྒྱུན་སྲིང་
ལྒང་བ,ལྒང་པ་
ལྒང་བུ,ལྒང་པ་
སྒབ,འགབ་
སྒམ་པ,སྒམ་པོ་
སྒུ་བ,སྒུ་བོ་
སྒེ་ཁུང,སྒེའུ་ཁུང་
སྒོ་འཕྱོར,སྒོ་མཆོར་
སྒོག་ཏིང,སྒོག་བཏུན་
སྒོར་ཕོར,སྒོག་ཕོར་
སྒྲུན་ཟླ,བསྒྲུན་ཟླ་
སྒྲོག་གུ,སྒྲོ་གུ་
སྒྲོན་མ,སྒྲོན་མེ་
སྒྲོན་མི་ཤིང,སྒྲོན་ཤིང་
བརྒྱགས,རྒྱགས་
བརྒྱགས་བརྔན,རྒྱགས་རྔན་
བརྒྱགས་ཕྱེ,རྒྱགས་ཕྱེ་
ངག་བཀྱལ,ངག་ཀྱལ་
ངམ་ནག་པ,ངམ་གནག་པ་
ངུ་དངས,ངུ་ངག་
ངེས་འབྱུང,ཁམས་གསུམ་བཙོན་ར་
ངེས་བཟུང,ངེས་གཟུང་
ངོ་འདྲ,ཡི་གེ་སོགས་ངོ་མ་,གདོང་པ་
མངན་པ,དངན་པ་
རྔ་མོ,རྔ་མོང་
རྔན་ཅན,རྔན་ཆན་
རྔམས་བརྗིད,རྔམ་བརྗིད་
རྔུལ་གཟན,ཚད་བླ་གོས་
རྔུལ་གཟན་གྱི་གཟན,ཚད་བླ་གོས་
རྔེ་ཆེན,རྔེ་ཅན་
རྔོག་སྟན་གྲུམ་ཟེ,རྔོག་སྟན་གྲུམ་རྩེ་
སྔ་མོ,སྔ་མ་
སྔངས་པ,དངངས་པ་
སྔོ་རྔད,སྔོ་ངད་
ཅ,མིང་མཐའ་ལ་འཇུག་ཚེ་སྐབས་འགར་གསལ་བྱེད་ཆ་
ཅ་གེ,ཅག་གེ་
ཅ་ནེ,ཅན་ནེ་
ཅ་འཕྱི,ཅ་འབྱིད་
ཅབ་ཅབ,ཅབ་ཅབ་
ཅམ་ཙེ,ཆམ་ཚེ་
ཅི་ཀ,ཅི་ག་
ཅི་ཆིབ,ཅི་ཆབ་
ཅི་འདྲ,གང་ཞིག་
ཅུང་སེང,ཅུང་པེང་
ཅེར་རེ,ཅེ་རེ་
ཅོ་ག,ཅོ་ཀ་
ཅོ་ཐོ,ཅོ་ཏོ་
ཅོ་ལེ་བ,ཅུ་ལི་
ཅོག་པུ,༢.ཅོག་པོ་
ཅོག་བུ,ཅོག་པུ་
གཅིའུ,གཅེའུ་
གཅོད་རྒྱ,བཅད་རྒྱ་
གཅོད་མཚམས,བཅད་མཚམས་
བཅད་པིར,གཅོད་པིར་
བཅའ་དགུ,ཅ་དགུ་
བཅས་པའི་ཁྲིམས,བཅས་ཁྲིམས་
བཅིབ་པ,༢.ཆིབས་པ་
བཅིབ་རེས,ཆིབས་རེས་
བཅིབས་པ,༢.ཆིབས་པ་
བཅོམ,གཅོམ་
ལྕག་ཤད,ལྕག་ཚན་
ལྕགས་པོད,ལྕགས་ཕོད་
ལྕུང་ཀ,སྐྱུང་ཀ་
ལྕེ,དབྱིབས་ལྕེ་
ལྕེ་སྤྱང,ཅེ་སྤྱང་
ལྕོག་ཁེབས,ཅོག་ཁེབས་
ལྕོག་ཅེ,ཅོག་ཙེ་
ལྕོག་རྩེ,ཅོག་ཙེ་
ཆ་སྤྱད,ཆ་དཔྱད་
ཆ་ཕྲ་མོ,ཆ་ཕྲ་བ་
ཆ་བེ་ཆོ་བེ,ཆབ་བེ་ཆོབ་བེ་
ཆག་སྒོ,ཆགས་སྒོ་
ཆག་ཅེ,ཆག་ཚེ་
ཆང་སིངས,ཆང་སིང་
ཆངས་བུ,ཆངས་པ་
ཆར་ཟིམ་པོ,ཆར་ཟིམ་བུ་
ཆར་སིམ་བུ,ཆར་ཟིམ་བུ་
ཆིག་སྐྱ་བ,ཆིག་རྐྱ་བ་
ཆིང་སང,ཕྱིང་སང་
ཆིར་གྱིས་བཅིར,ཆིར་གྱིས་བཅིར་
ཆུ་ལྡུམ་ཨོག་དཀར,ཆུ་འདུར་
ཆུ་བེན,ཆུ་བན་
ཆུ་བྲུབས་པ,ཆུ་བྲུབ་པ་
ཆུ་བསིང,ཆུ་སིང་
ཆུན་བུ,ཆུན་པོ་
ཆུའི་སྤྲིས་མ,ནད་པའི་དྲི་ཆུར་བརྟག་སྐབས་གཅིན་པའི་ཁར་ཆགས་པའི་འོ་མའི་ཁ་སྤྲིས་
ཆེ་ཁ,ཆེ་ཁག་
ཆེ་ཁོག་འབྲི་གཡག་མཛོ་གླང་སོགས་ཕྱུགས་རིད་ཆེ་གྲས་ཀྱི་ཤ་ཁོག་ཆེ་གེ་བ,ཆེ་གེ་མོ་
ཆེ་གཞི,ཆེ་བཞི་
ཆེམས་ཆེམས,ཆེམ་ཆེམ་
མཆད་ཀ,མཆད་པ་
མཆིན་ཀ,མཆིན་ཁ་
མཆིས་འབྲང,མཆིས་བྲང་
མཆུ་ཐོ,མཆུ་ཏོ་
མཆུ་བིམ་པ་ལྟར་དམར་བའི་དཔེ་བྱད,སངས་རྒྱས་ཀྱི་དཔེ་བྱད་བཟང་པོ་བརྒྱད་ཅུའི་ནང་གསེས་ཤིག་སྟེ་འཇིག་རྟེན་ཐམས་ཅད་གཟུགས་བརྙན་
མཆོད་བཤམས,མཆོད་གཤོམ་
འཆང་བཟུང,འཆང་གཟུང་
འཆི་ཀ,འཆི་ཁ་
འཆི་བ,འཆི་བ་མི་རྟག་ནམ་མཁའི་གློག་
ཇི་ལྟ་ཇི་ལྟ་བུ,ཇི་ལྟ་ཇི་ལྟར་
ཇི་རིགས་པ,ཅི་རིགས་པ་
མཇིང,འཇིངས་
མཇུག་སྣོན,མཇུག་གནོན་
འཇབ་རྩེ,འཇབ་ཙེ་
འཇབ་ཚེ,འཇབ་ཙེ་
འཇམ་ཅག་གེ་བ,འཇམ་ཆག་གེ་བ་
འཇམ་པ,འཇམ་པོ་
འཇམ་པོ,སྙན་པོ་ཁུ་བྱུག་ངག་
འཇམ་མོ,འཇམ་པོ་
འཇའ་འདེགས,འཇའ་རྡེག་
འཇལ་སྡུམ,འཇལ་དུམ་
འཇིགས་ཡེ་རེ,འཇིགས་ཡོ་རེ་
འཇིང,འཇིངས་
འཇུར་འགེགས,འཇུར་གེགས་
འཇུར་བ,༣.འཇུར་མ་
འཇེམ་པོ,འཇེམ་པ་
འཇོང་པོ,འཇོང་མོ་
ལྗང,འཇང་
ལྗང་ཁུ,ལྗང་གུ་
ལྗང་དགུན་ཆོས,འཇང་དགུན་ཆོས་
ལྗིབས,ལྕིབས་
ཉ་བཤང་ཆུ,སྨད་རྒྱུད་ལ་ཉ་བཤང་ཆུ་ཞེས་ཟེར།རྟ་དབང་ཆུ་
ཉག་པ,ཉག་པོ་
ཉམ་དམའ་བ,ཉམ་དམན་པ་
ཉམས་གུད,ཉམས་རྒུད་
ཉམས་ཉེས,ཉམ་ཉེས་
ཉམས་སྨད་པ,ཉམས་སྨོད་པ་
ཉི་མ་ཧྲིལ་འཛིན,ཉི་མ་རིལ་འཛིན་
ཉིན,ཉིན་མོ་
ཉིན་དགུང,ཉིན་གུང་
ཉིན་པ,ཉིན་མོ་
ཉིན་སྲིབས,ཉིན་སྲིབ་
ཉུངས་མ,ཉུང་མ་
ཉུལ་མ,ཉུལ་པོ་
ཉེ་སྡེ,སངས་རྒྱས་ཤའཀྱ་ཐུབ་པའི་འཁོར་དྲུག་སྡེ་
ཉེ་སྦས,ཉེར་སྦས་
ཉེན་ཀ,ཉེན་ཁ་
ཉོག,ཉོག་པོ་
གཉན་པ,གཉན་པོ་
གཉའ་རངས་པ,གཉའ་རེངས་པ་
གཉིད་ལྗི་པོ,གཉིད་ལྕི་པོ་
གཉེན་ཀ,གཉེན་ཁ་
མཉམ་པར་མ་བཞག་པའི་གང་ཟག་ཏིང་ངེ་འཛིན་ལས་བཞེངས་ཏེ་རྗེས་ཐོབ་ལ་གནས་པའི་གང་ཟག་མཉམ་པར་གཞག་པ,མཉམ་པར་བཞག་པ་
མཉེན་པོ,མཉེན་པ་
རྙ་ལོ,སྙ་ལོ་
རྙིང་ཚད,རྙིངས་ཚད་
རྙིངས་པ,རྙིང་པ་
རྙིངས་ཚད,ཟླ་བ་གཅིག་ཕན་ཆད་འདས་པའི་ཚད་པ་རྙིང་པར་གྱུར་ནས་ལུས་ཟུངས་
རྙོག་པ,༢.་རྙོག་པོ་
རྙོགས་པ,འདམ་སྙིགས་ཅན་དུ་གོ་བའི་རྙོག་པ་
སྙ་ནང,གཉའ་ནང་
སྙན་པོ,སྙན་པ་
སྙབ་སྙབ,རྙབ་རྙབ་
སྙམ་དུ་བསམ་པ,སྙམ་དུ་དགོངས་པ་
སྙི་པོ,འཇམ་པའི་དོན་དུ་གོ་བའི་སྙི་བ་
སྙི་བོ,སྙི་བ་
སྙི་མོ,སྙི་བ་
སྙིགས་མའི་དུས,སྙིགས་དུས་
སྙིང་ཁྲག་སྙིང་ནང་གི་ཁྲག་སྙིང་ག,སྙིང་ཁ་
སྙིང་རྗེ་མོ,སྙིང་རྗེ་པོ་
སྙུག་ཅུ་གང,སྨྱུག་ཅུ་གང་
སྙུག་བྱ,སྨྱུག་བྱ་
སྙུག་མ,སྨྱུག་མ་
སྙེ་མར་མིག་བླུགས,སྙེ་མ་མིག་བླུགས་
སྙེས་འབོལ,སྙེ་འབོལ་
སྙོམས་པོ,སྙོམས་པ་
བརྙས་ཆོས,བརྙས་བཅོས་
བརྙིངས་པ,རྙིང་པ་
ཏ་དབེན,ཏཱ་དབེན་
ཏ་མིང,ཏཱ་མིང་
ཏཱ་ལ,ཏ་ལ་
ཏག་གེ་ཏོག་གེ,ཏག་གི་ཏིག་གི་
ཏག་ཏིག་ཏག་གི་ཏིག་གིའི་བསྡུས་ཚིག་ཏང་ཀུ,ཏང་ཀུན་
ཏན་ཏན,བརྟན་བརྟན་
ཏལ་བ,ཏེལ་པ་
ཏི་ཀ,སྟི་ག་
ཏི་ཏོ,སྲོག་ཆགས་ཏེ་ལོ་
ཏི་ཏྲིག,ཏི་ཏི་རི་དང་དོན་གཅིག་ཏི་པི་ཅག་ཏིམ་པི་ཅ་
ཏི་ཚ,སྔོ་ཆོག་ཀྱང་ཟེར་བའི་ལྕགས་རིགས་མདོག་དངུལ་
ཏི་ལོ,ཏེ་ལོ་
ཏི་ས,ཏི་སེ་
ཏིང་ཏིང་ཅག་ཏིང་ཤགས་དང་དོན་གཅིག་ཏིང་ཏིང་མ,ཆེ་ཆུང་བྱིའུ་
ཏིང་ཏིང་ཤགས,ཏིང་ཤགས་
ཏུང་ཀཱས,ཏཱུང་ཀུས་
ཏེ་སེ,ཏི་སེ་
ཏེའུ་ལོ,ཏེ་ལོ་
ཏོག་རྩེ,ཏོག་ཙེ་
ཏོང་ཁུན,ཏཱུང་ཀུས་
ཏཱིཀ,ཏཱིཀཀ་
ཏྲི་ཨེ་སང,བོན་ལུགས་ཀྱི་ཐ་སྙད་ཅིག་སྟེ་ནང་པའི་ཡུམ་ཆེན་མོའམ་ཤེར་ཕྱིན་
གཏན་གཏན,བརྟན་བརྟན་
གཏར་ཀ,གཏར་ཁ་
གཏར་ཁྲག་གཏར་དམིགས་ནས་ཕྱིར་དབྱུང་བའི་ཁྲག་གཏར་ག,གཏར་ཁ་
གཏུམ་པ,༢.་གཏུམ་པོ་
བཏུལ་མ,དུལ་མ་
རྟ་རྨིག,སྔོ་སྨན་གྱི་རིགས་དབྱིབས་རྟའི་རྨིག་པ་
རྟ་རྨུ་རྒོད,རྟ་དམུ་རྒོད་
རྟ་འོ་ལ,རྟ་འོལ་བ་
རྟས་པ,བརྟས་པ་
རྟུན་པ,བརྟུན་པ་
རྟུལ་པོ,མི་རྣོ་བའམ་ཞན་པའི་དོན་དུ་གོ་བའི་རྟུལ་བ་
རྟེན་བྱེད་བད་ཀན,བྱེད་ལས་ཆུའི་བྱེད་ལས་
རྟེའུ་ལོ,ཏེ་ལོ་
ལྟག་རལ,མུར་གོང་གི་སྐྲ་གསེབ་ཏུ་སྦྲུལ་འཁྱུག་པ་
ལྟང་ཚེ,ལྟང་རྩེ་
ལྟུང་བ་འབྱུང་བའི་སྒོ་བཞི,ལྟུང་བ་འབྱུང་བའི་རྒྱུ་བཞི་
ལྟེངས་ཀ,ལྟེང་ཀ་
ལྟོང་ག,ལྟོང་ཀ་
ལྟོས་ཆོས,བལྟོས་ཆོས་
ལྟོས་ས,བལྟོས་ས་
སྟག་གཟིག,ཏ་ཟིག་
སྟང་རྩ,སྟེང་རྟེག་
སྟར་ཀ,སྟར་ཁ་
སྟར་ག,སྟར་ཁ་
སྟི་ཀ,སྟི་ག་
སྟོང་ཁུན,ཏཱུང་ཀུས་
སྟོང་གཅོད,སྟོང་གཅོད་
སྟོན་ཁ,སྟོན་ཀ་
བརྟན་པ,༣.་བརྟན་པོ་
བརྟུལ་ཕོད,རྟུལ་ཕོད་
བལྟོས་བཅས,ལྟོས་བཅས་
བསྟན་ཆོས,བསྟན་བཅོས་
ཐ་གུ,ཐི་གུ་
ཐ་ཆ,ཐ་ཆད་
ཐ་མལ་བ,ཐ་མལ་པ་
ཐག་གྲུ,ཐ་གྲུ་
ཐག་རིང་དཔུང་འཇུག་ཐག་རིང་དུ་དཔུང་དམག་གཏོང་འཇུག་ཐག་རིང་མོ,ཐག་རིང་པོ་
ཐང་ཀ,ཐང་ག་
ཐན་སྐོར,ཐན་ཀོར་
ཐབ་ཁ,ཐབ་ཀ་
ཐབས་ཆག,ཐེབས་ཆག་
ཐབས་བྱུས,ཐབས་ཇུས་
ཐམ་ག,ཐམ་ཀ་
ཐལ་རླུང,ཐལ་བ་
ཐིག་པོ,དོན་ཐོག་ཏུ་འཁེལ་བའི་ཐིག་པ་
ཐུགས་རྗེ,ཐུགས་རྗེ་ཆུ་བོ་
ཐུན་བྲབ,ཐུན་བྲབས་
ཐུའུ་བཀཱན,ཐུའུ་ཀཱན་
ཐེ་གི,ཐ་གི་
ཐེ་བྱུས,ཐེ་ཇུས་
ཐེན་ཅེར,ཐེན་ཆེར་
ཐེབ,ཐེབས་
ཐེལ་ཚེ,ཐེལ་ཙེ་
ཐོ་སྐོར,ཐོ་ཀོར་
ཐོ་ཆོ,ཐོ་ཅོ་
ཐོ་བཙམས་པ,མཐོ་འཚམ་པ་
ཐོ་འཚམ་པ,མཐོ་འཚམ་པ་
ཐོ་རེངས,ཐོ་རངས་
ཐོ་ལུམ,ཐུ་ལུམ་
ཐོང་ཀ,ཐོང་ག་
ཐོད་ལེ་ཀོར,ཐོ་ལེ་ཀོར་
ཐོན་ཐི,ཐུན་ཐི་
ཐོན་བུ,ཐོམ་བུ་
ཐོབ་ཅི,ཐེབས་ཆི་
ཐོབ་ཆི,ཐེབས་ཆི་
ཐོབ་ཆུ,ཐེབས་ཆི་
ཐོམ་ཡོར,འཐོམ་ཡོར་
ཐོའུ་ཀཱན,ཐུའུ་ཀཱན་
ཐོར་བ,ཐོར་པ་
ཐོར་ཙུགས,ཐོར་ཚུགས་
མཐའ་གྲུ,ཐ་གྲུ་
མཐའ་གཅོད,མཐའ་དཔྱོད་
མཐིང་རྒྱུས,རྡོ་སྨན་གྱི་རིགས་དབྱིབས་རྒྱུས་ཕྲན་གཤིབ་པ་
མཐིང་རིལ,ཐིང་རིལ་
མཐུག་པ,མཐུག་པོ་
མཐུན་པོ,མཚུངས་པའི་དོན་དུ་འཇུག་པའི་མཐུན་པ་
མཐུན་མོང,ཐུན་མོང་
མཐེ་བོ,མཐེ་བོང་
མཐོ་པོ,མཐོ་བ་
མཐོ་ཡོར,ཐོ་ཡོར་
མཐོང་ཀ,མཐོང་ག་
མཐོང་ཁ,མཐོང་ག་
མཐོན་ག,མཐོན་ཀ་
འཐུག་པ,མཐུག་པོ་
འཐུག་པོ,མཐུག་པོ་
འཐུད་པ,མཐུད་པ་
འཐོལ་བ,མཐོལ་བ་
ད་ནངས,ད་ནང་
དང,མི་
དང་ཁ,དང་ག་
དང་དོད,དང་བསྟོད་
དང་རུ,དང་རུས་
དམ་ག,དམ་ཁ་
དམ་པ,དམ་པོ་
དམ་འབི,དམ་བེ་
དམ་མོ,དམ་པོ་
དར་གུད,དར་རྒུད་
དར་ལྡིང,དར་ལྡི་
དལ་འགྲོས,དལ་འགྲོ་
དལ་པོ,དལ་བུ་
དལ་མོ,དལ་བུ་
དུ་ཁུང,དུད་ཁུང་
དུང་འདྲ,རྡོ་སྨན་གྱི་རིགས་དབྱིབས་དུང་དཀར་
དུང་འཕྱུར,དུང་ཕྱུར་
དཱུར་ཝ,དཱུར་བ་
དེ,དེ་
དེ་ཀ,དེ་ག་
དེ་མཚུངས,དེ་
དེ་ཝ,དེ་བ་
དེབ་གཏེར,དེབ་ཐེར་
དེམ་ཙི,དེམ་ཙེ་
དོ་ལོ,རྣ་རྒྱན་སོག་བྱིལ་གྱི་མཇུག་རྒྱན་རྒྱུ་གཡུ་
དོག་པ,དོག་པོ་
དོག་མོ,དོག་པ་,དོག་མ་
དོང་ཀ,དོང་ག་
དོངས་པ,དོང་པ་
དྲག་གསུམ་རྐང་འཛིན,གོ་དོན་ཉི་བར་
དྲན་སྐུལ་ཐ་ཚིག་སྐུལ་ལྕག་གི་ནན་ཚིག་དྲན་སྐྱེན་པ,དྲན་སྐྱེན་པོ་
དྲན་པོ,མི་བརྗེད་པའི་སེམས་ཀྱི་དོན་དུ་གོ་བའི་དྲན་པ་
དྲལ་ཕྱམ,དྲལ་ལྕམ་
དྲུང་པོ,སྤུན་ཟླའི་དོན་དུ་གོ་བའི་དྲུང་པ་
དྲེད་མོ,དྲེད་མོང་
དྲོ་བ,༢.་དྲོ་པོ་
དྲོག་གློ་བུར་དུ་བྱུང་བའི་བཟའ་བཏུང་ངམ་ལོངས་སྤྱོད་ཀྱི་དོན་དུ་གོ་པའི་གྲོག་གི་འབྲི་ཚུལ་གགཞན་ཞིག་དྲོག་སྐད,གྲོག་སྐད་
དྲོག་ཕྱཱ,གྲོག་ཕྱཱ་
དྲོན་མོ,དྲོན་པོ་
དྷི་དྷི་ཀ,དྷཱི་ཏི་ཀ་
གདང་ཆུ,འབབ་ཆུ་ཞིག་ཆུ་འགོ་གདང་ལའི་ལྷོ་ངོས་ནས་བྱུང་ཞིང་བོད་རང་སྐྱོང་ལྗོངས་ཀྱི་སྙན་རོང་རྫོང་ཁུལ་དུ་ཤག་ཆུ་
གདན་ཆ,གདན་ཆས་
གདན་ས་ཐེལ,གདན་ས་མཐིལ་
གདམ་བྱའི་དབང་ཆ,བདམ་བྱའི་དབང་ཆ་
གདུ་གུ,གདུ་བུ་
གདུབ་སྐོར,གདུབ་ཀོར་
གདོང་གྲོགས,སྡོང་གྲོགས་
་བའི་སེམས་ཅན་ལྔའི་ཞག་སྟེ,ཕག་བཅས་ཀྱི་ཚིལ་བཞུས་པའི་ཞག་བསྐོལ་ཞིང་བཙགས་པ་ཞུན་མར་
མདག་པ,མདག་མ་
མདང་སང,དེང་སང་
མདང་སོང,མདང་སུམ་
མདན་པ,འགྲམ་པའི་དོན་དུ་གོ་བའི་ལྡན་པ་
མདའ་རྒྱུས,སྔོ་སྨན་གྱི་རིགས་འབྲས་བུ་དམར་པོ་བྱུ་རུ་
མདའ་ཡིག,མདའི་དབྱིབས་
མདའ་གཡབ,མདའ་ཡབ་
མདུང་ཟླ་ཚེས་མ,མདུང་རྩེའི་ལྕགས་ཀྱི་དབྱིབས་ཟླ་ཚེས་
མདུན་མ,འདུན་མ་
མདོག་ཁ་མོ,མདོག་ཁ་པོ་
མདོངས་གསོལ,མདོང་གསོལ་
མདོམས,ཕོ་མོའི་མཚན་མ་གནས་ཡུལ་དོན་དུ་གོ་བའི་འདོམས་
འདག་གུ,ལྡག་གུ་
འདག་བྱིལ,འདག་བྱེའུ་
འདང་མ་འདངས,ལྡང་མ་ལྡངས་
འདན་པ,སྒོའི་གཏན་པའི་དོན་དུ་གོ་བའི་མདན་པ་
འདམ་བྱེའུ,འདག་བྱེའུ་
འདི་མཚུངས,འདི་
འདུན་ལས,དུན་ལས་
འདུར་བོན,དུར་བོན་
འདོ་བ,འདོ་བ་རྟ་ཡི་བང་
འདོ་ལི,མདོ་ལི་
འདོ་ལེ,མདོ་ལི་
འདོད་རྒུ,འདོད་དགུ་
འདོད་རྔམ,འདོད་རྔམས་
འདོལ་པོ,འདོལ་བ་
འདྲ་སྒྲིག་པ,ངོ་མ་མ་ཡིན་པར་དེ་
འདྲ་ཆགས་པ,འདྲ་ཆགས་པོ་
འདྲ་པོ,མཚུངས་པའི་དོན་དུ་གོ་བའི་འདྲ་བ་
འདྲ་དཔེ,མཚུངས་པའི་དཔེ་སྟེ་དཔེར་ན་མི་དེའི་སྣ་གླང་ཆེན་གྱི་སྣ་
འདྲ་སྤྱད,དྲས་སྤྱད་
འདྲ་བ,གཞན་དོན་ལའང་རང་དོན་,ཆང་གིས་ར་བཟི་ནས་རོ་
འདྲ་བའི་ཡི་གེ,ན་ནི་ཏའི་སྡེ་ཚན་,ང་ནི་ཀའི་སྡེ་ཚན་
འདྲ་བཟོས,དཔེ་དེ་
འདྲ་བཤུས,མ་དཔེ་
འདྲེ་བ,གསེར་དང་བྱེ་མ་མཉམ་དུ་འདྲེས་འདུག་བཙག་,རམས་
འདྲེས་པའི་མ་རིག་པ,ལྟ་བ་ཉོན་མོངས་ཅན་
རྡང,གདང་
རྡུང་ཁ,རྡུང་ག་
རྡུམ་པོ,རྡུམ་པ་
རྡེག་འཆོས་པ,རྡེག་འཆའ་བ་
རྡོ་ཀ་མ་རུ་པ,གཡང་ཏི་
རྡོ་ཀླད,དབྱིབས་ཀླད་པ་
རྡོ་ཁབ་ལེན,ལྕགས་ལེན་གྱི་རྡོ་ཁྱད་པར་བ་ཞིག་རྡུལ་
རྡོ་ཁྲ་མགོ,རྡོ་སྨན་བྱེའུ་མགོ་མཆོག་དམན་རིད་གཉིས་ཀྱི་ནང་ཚན་དམན་པ་དབྱིབས་ཁྲའི་མགོ་
རྡོ་སྤོས,རྡོ་སྨན་གྱི་རིགས་དབྱིབས་ཧ་ཤིག་
རྡོ་ཕག་མགོ,རྡོ་སྨན་གྱི་རིགས་དབྱིབས་ཕག་གི་མགོ་
རྡོ་བྱེའུ་མགོ,རྡོ་སྨན་གྱི་རིགས་དབྱིབས་བྱེའུའི་མགོ་
རྡོ་ཤེལ,ཤེལ་
རྡོ་ཧྲུག་རྡོ་ཆུང་ཆུང་ངམ་རྡོ་ཧྲུག་ཧྲུག་རྡོ་ཧྲུབ,རྡོ་ཧྲུག་
རྡོབ་རྡོབ,རྡབ་རྡོབ་
རྡོལ་བོན,བརྡོལ་བོན་
ལྡང་ཀ་སྐ,ལྡང་སྐོ་སྐ་
ལྡེབས་མ,ལྡེབ་མ་
ལྡེམ་པ,ལྡེམ་པོ་
ལྡེའུ,ལྡེ་གུ་
སྡུག་རྒུར,སྡུག་སྒུར་
སྡེབ,དེབ་
སྡོང་རོས,ལྡོང་རོས་
བརྡབ་གཤོགས,བརྡབ་ཞོགས་,བརྡ་གཤོག་
བརྡའ,བརྡ་
བརྡལ་གླ,རྡལ་གླ་
བརྡོས་པ,རྡོས་པ་
ན་མ་པོ་ཐོ,ན་ཁ་སྤོ་ཐོ་
ནག་ཆུ,དེ་ནས་ནག་ཆུ་རྫོང་བརྒྱུད་དེ་འབྲི་རུ་རྫོང་ཁུལ་དུ་ཤག་ཆུ་,དེ་ནས་སོག་རྫོང་ཁུལ་དུ་སོག་ཆུ་
ནག་ཐིང་ངེ,ནག་ཏིང་ངེ་
ནང་པ,ནངས་པ་
ནང་བྱན་ཚུད་པ,ནང་བྱན་ཆུད་པ་
ནང་མ་སྒང,ནང་མ་ཁང་
ནང་བཟན,ནང་ཟན་
ནང་ལུགས,སྤྲོས་པ་
ནད་མེད་ཆུ,ཁ་དོག་འབྲི་མར་བཞུས་པ་
ནན་པོ,ནན་པ་
ནམ་དགུང,ནམ་གུང་
ནམ་དམུས་པ,ནམ་རྨུས་པ་
ནར་ནར་མོ,ནར་ནར་པོ་
ནི་ལ,ནཱིལ་
ནེ་གྲོ་ཏ,ཉ་གྲོ་རྡ་
ནེ་ལེ་ཐོད་ཁྲག་ནཱི་ལ་ཐོ་ཐའི་འབྲི་ཚུལ་གཞན་ཞིག་ནེ་གསིང,ནེའུ་གསིང་
ནེའུ་ཐང,ནེ་ཐང་
ནེའུ་སིང,ནེའུ་གསིང་
གནག་པོ,གནག་པ་
གནམ་ས,གནམ་གྲུ་དང་རྐང་ཐང་གི་མགྱོགས་ཁྱད་གནམ་ས་
་བའི་རི་དཱགས་ཤིག་སྟེ་གནའ་བ་ཕོ
མནོག་ཟན,རྣོག་ཟན་
རྣ་རུ,ན་རོ་
རྣམ་ཕྱིང,སྣམ་ཕྱིང་
རྣམ་ཕྱིས,སྣམ་ཕྱིས་
རྣོ་པོ,རྣོ་བ་
སྣ་ག,སྣ་ཁ་
སྣ་འཛར,སྣེ་འཛར་
སྣ་ལེན,སྣེ་ལེན་
སྣམ་ཕྱིས,སྣམ་ཕྱིང་
སྣུམ་སྣག་སྣུམ་ཅན་སྣག་ཚ་པར་རྒྱག་སྐབས་ཀྱི་མཁོ་རྫས་ཤིག་སྣུམ་པ,སྣུམ་པོ་
སྣེ་རྒོད,སྣེའུ་རྒོད་
སྣོག་ཟན,རྣོག་ཟན་
སྣོད་ཀྱི་སྐྱོན་གསུམ,ཉོན་མོངས་
པ་ཅར,པ་ཆར་
པ་རི་པུ་རུ,པ་རི་པི་རི་
པ་ཤི,པཀཤི་
པགས་པ་མཉེན,པགས་པ་ཅན་
པང་སྟེང,སྤང་རྟེན་
པར་ཏང,མཐའ་སྣེ་རྟའི་ཟེ་རྔོག་
པར་ཐང,པར་ཏང་
པུ་ཏི,པོ་ཏི་
པུས་པ་ལ,པུ་ས་ལ་
པོ་ཏོ,པོ་མཐོ་
པོ་ཐོ,སྤོ་ཏོ་
པོ་སོན་འཆའ,པོ་སོ་ཆ་
པྲོག་རྩེ་མོའམ་ཏོག་ཞཱའི་མདུད་པྲོག་ཁྱིམ་བྱའི་ཟེ་པྲོག་པྲོག་མ,སྤྲོག་མ་
དཔའ་བ་བརྟན་པ,དཔའ་བོ་བརྟན་པ་
དཔར,པར་
དཔར་མ,པར་མ་
དཔལ་ལྡན,མདོ་སྡེ་སོགས་ཀྱི་མིང་གི་ཐོག་མ་དང་བླ་སྤྲུལ་རྣམས་ཀྱི་མིང་གི་མཐར་སྦྱོར་བའི་ཞེ་ཚིག་གི་དོན་དུ་གོ་བའི་དཔལ་
དཔུར,སྤུར་
དཔེ་ཉེར་འཇལ་བའི་ཚད་མ,འདྲ་བའམ་དཔེ་རྟོགས་ཟིན་གྱི་རྒྱུ་མཚན་ཡང་དག་ལ་བརྟེན་ནས་རང་ལ་ལྐོག་གྱུར་གྱི་དོན་དེ་དཔེ་དེ་,མྱུ་གུ་བདེན་པར་མེད་པ་མེ་ལོང་ནང་གི་གཟུགས་བརྙན་,བ་མིན་བ་ལང་
སྤ་འབྲུ,སྤ་འབྲུམ་
སྤ་མ,ཤུག་པ་
སྤང་རྒྱུས,རྡོ་སྨན་གྱི་རིགས་དབྱིབས་རྒྱུས་ཕྲན་གཤིབ་པ་
སྤམ་བཤད,སྤོམ་བཤད་
སྤར་མ,པར་མ་
སྤར་མོ,སྦར་མོ་
སྤུ་དེ་གུང་རྒྱལ,པུ་དེ་གུང་རྒྱལ་
སྤུག་རིན་ཆེན་ཞིག་སྤུང་ངེ་བ,ཕུང་ངེ་བ་
སྤུས་ཁ,སྤུས་ཀ་
སྤུས་དག་པ,སྤུས་དག་པོ་
སྤེ,ཁང་པའི་བཟོ་དབྱིབས་ལྟར་བརྩིགས་པའི་དངོས་པོའི་དོན་དུ་གོ་བའི་སྤེའུ་
སྤོ་ཏོག་རྩེ་ཏོག་སྤོ་ཐོ,སྤོ་ཏོ་
སྤོམ་རྩིས,དཔོག་རྩིས་
སྤོས་འདྲ,ཆོས་པ་ཚོས་སྤོས་སྣ་ཞུ་སྐབས་ལག་འཁྱེར་སྤོས་ཆུན་པོ་
སྤྱང་ཁུ,སྤྱང་ཀི་
སྤྱན་མཐོན་མཐིང་འདྲ་བའི་མཚན་བཟང,སངས་རྒྱས་ཀྱི་མཚན་བཟང་སོ་གཉིས་ཀྱི་ནང་གསེས་ཤིག་སྟེ་སེམས་ཅན་ཐམས་ཅད་ལ་བུ་གཅིག་པ་
སྤྱན་ལྡན,གོས་ཆེན་གྱི་དོན་དུ་གོ་བའི་སྤྱན་འདན་
སྤྱི་འགྲེ,ཀུན་
སྤྱི་གཅེར,སྤྱི་ཅེར་
སྤྱི་ཆེར,སྤྱི་ཅེར་
སྤྱི་དམ,སྤྱི་ཐམ་
སྤྱི་མཚུངས,བྱིངས་སམ་ཀུན་
སྤྱིའུ་བླུགས,སྤྱི་བླུགས་
སྤྱིའུ་ཚུགས,སྤྱི་ཚུགས་
སྤྱིལ་པོ,སྤྱིལ་བུ་
སྤྱོད་རྒྱུད་ཀྱི་ཐེག་པ,ལྟ་བ་རྣལ་འབྱོར་རྒྱུད་,སྤྱོད་པ་བྱ་རྒྱུད་
སྤྱོད་པའི་རྒྱུད,སྤྱོད་རྒྱུད་
སྤྲ་བའི་མེ་ཏོག་མེ་ལེན་སྤྲ་བའི་མེ་ཏོག་སྤྲ་མི,མིའི་དབྱིབས་གཟུགས་
སྤྲང་རྒན,སྤྲང་པོ་
སྤྲལ་རིས,དཔྲལ་རིས་
སྤྲིན་འཇའ,འཇའི་ཁ་དོག་
སྤྲེའུ,མི་
སྤྲེའུ་ལད,སྤྲེལ་ལད་
ཕ་བང་ལོང་བུ,རྡོ་སྨན་ནག་པོ་གྲུ་བཞི་ཤོ་
ཕ་བོང,ཕ་བོང་ཆེན་པོ་དེ་རུས་སྦལ་གྱི་དབྱིབས་
ཕ་ཝང་ལོང་བུ,ཡུལ་འགར་གསེར་རྡོ་ཟེར་བའི་རྡོ་ནག་པོ་གྲུ་བཞི་ཤོ་
ཕ་གཡར,ཕ་ཡར་
ཕག་མགོ,རྡོ་སྨན་གྱི་རིགས་ཕག་གི་མགོ་དབྱིབས་
ཕང་པ,པང་པ་
ཕང་ལོ,འཕང་ལོ་
ཕང་ཤིང,འཕང་ཤིང་
ཕན་ཆོད,ཕན་ཆད་
ཕན་ཐོགས་པོ,ཕན་ཐོགས་པ་
ཕབ,ཕབས་
ཕམ་འབབས,ཕམ་ཕབ་
ཕར་ཆེར་ཚུར་ཆེར,ཕར་ཅེར་ཚུར་ཅེར་
ཕར་ཕྱིན་བཅུ,ཕ་རོལ་ཏུ་ཕྱིན་པ་བཅུ་སྟེ་ཁམས་གསུམ་གྱི་སྡུག་བསྔལ་རྒྱ་མཚོ་
ཕར་ལུང་གཙང་པོ,ཡིད་འོང་གཙང་པོ་
ཕལ་ཀ,འཕལ་ཀ་
ཕལ་ཅེར,ཕལ་ཆེར་
ཕུ་དུང,ཕུ་ཐུང་
ཕུང་པོ,ཚེར་མའི་ཕུང་པོའི་སྟེང་དུ་འདུག་པ་
ཕུར་བཅས,དཔེར་ན་རྟ་དམུ་རྒོད་ཕུར་པ་དང་བཅས་ནས་བཏང་བ་ལ་ཕུར་བཅས་ཞེས་སུ་གྲགས་པ་
ཕེབ་རྡོབ,ཕེག་རྡོབ་
ཕེར་པོ,འཕེར་པོ་
ཕེར་བ,འཕེར་བ་
ཕོ་བ་རི་ལུ,ཕོ་བ་རིས་
ཕོ་བ་རིལ་བུ,ཕོ་བ་རིས་
ཕོག་སྦྱིན་པའི་དོན་དུ་གོ་བའི་འབོག་པ་དང་འབོགས་པའི་སྐུལ་ཚིག་ཕོག་གུ,ཕོ་གུ་
ཕོད་ཆུངས་སེ་བ,ཕོད་ཆུང་ངེ་བ་
ཕོར་འབྱིད,ཕོར་ཕྱིས་
ཕྱག་ཐམ,ཕྱག་དམ་
ཕྱག་པ,ཆུན་པོའི་དོན་དུ་གོ་བའི་ཆག་པ་
ཕྱང་འཕྲུལ,ཕྱང་ཕྲུལ་
ཕྱམ་ཆད,ཕྱམ་ཕྱད་
ཕྱམ་རྩེ,ཕྱམ་རྩེ་
ཕྱི་འབྲེད,ཕྱི་འཕྲེད་
ཕྱིན་ཀ་ལོག,ཕྱིན་ཅི་ལོག་ཕྱིན་ག་ལོག་ཕྱིན་ཀ་ལོག་
ཕྱིར་འཆོས,ཕྱིར་བཅོས་
ཕྱུགས་ཆུང,ཕྱུགས་ཕྱུང་
ཕྱུར་ཕྱུར,འཕྱུར་འཕྱུར་
ཕྱེད་པོ,ཕྱེད་མ་
ཕྲ་བ,ཕྲ་མོ་
ཕྲག་རྡང,ཕྲག་གདང་
ཕྲེད,ཕྲེད་
འཕངས་པ,༢.ཕངས་པ་
འཕལ་ཁ,འཕལ་ཀ་
འཕེལ་ཀ,འཕེལ་ཁ་
འཕོང་གི་སྤོང་ས,འཕོང་གི་དཔོང་ས་
འཕོན་པོ,ཕོན་པོ་
འཕྱ་ལད,འོས་མིན་གྱི་ངོ་བསྟོད་བྱེད་པ་ནི་དོན་ལ་འཕྱ་ལད་རྒྱག་པ་
འཕྱང་འཕྲུལ,ཕྱང་ཕྲུལ་
འཕྱད་པ,ཕྱད་པ་
འཕྱམ,ཕྱམ་
འཕྱར་ཁ,འཕྱར་ཀ་
འཕྱིང་བ,ཕྱིང་བ་
འཕྱུར་པོ,འཕྱུར་བུ་
འཕྱོངས,འཕྱོང་
འཕྲད,ཕྲད་
འཕྲས་པ,འཕྲེས་པ་
འཕྲིན,ཕྲིན་
འཕྲིན་ལས,ཕྲིན་ལས་
འཕྲུ་ཏོག་ཞཱ་མོའི་ཏོག་འཕྲུ་བ,ཕྲུ་བ་
འཕྲེང་རྒྱུད,ཕྲེང་རྒྱུད་
འཕྲེང་བ,༢.་ཕྲེང་བ་
བ་གྲུས་མ,བ་དྲུས་མ་
བ་གླང,བ་ལང་
བ་ནུ,རྡོ་སྨན་གྱི་རིགས་དབྱིབས་བ་ཡི་ནུ་མདེའུ་
བ་ལང་སྤྱོད,བ་གླང་སྤྱོད་
བག་གྲོ་བ,བག་དྲོ་བ་
བག་གྲོ་བྱིན་ཆེ་བ,བག་དྲོ་བྱིན་ཆེ་བ་
བག་ཆུང,སྦག་ཆུང་
བག་ཆེན,ཇ་བག་ཁག་གི་དོན་དུ་གོ་བའི་སྦག་ཆེན་
བགས,གྲོགས་བཟང་གསེར་གྱི་སྦྲམ་བུ་,གྲོགས་ངན་སྦུར་མ་
བང,བང་མགྱོགས་པ་འདོ་བ་རྟ་
བང་ཆེན་པ,བང་ཆེན་
བད་ཁ,བད་ཀ་
བན,བེན་
བབ,བབས་
བབ་ཆོལ,བབ་ཅོལ་
བབ་བླ,བ་བླ་
བབ་འབྲེལ,བབས་འབྲེལ་
བབ་ལ,བ་བླ་
བར་ཆོད,བར་ཆད་
བར་པ,འབྲིང་བ་དང་དཀྱིལ་མའི་དོན་དུ་གོ་བའི་བར་མ་
བལ་བ་རྩྭ,བལ་པ་ཛ་
བལ་བ་ཛ,བལ་པ་ཛ་
བུ་ལོན་ཚ་འདེད,ཞིང་བདག་གིས་བུ་ལོན་ཚ་འདེད་བྱེད་སྟངས་དེ་བྱ་རྒོད་ཤ་ལ་འགྲིམ་པ་
བུབ་ཀ,བུབ་ཁ་
བུལ་པོ,དལ་བ་སོགས་ཀྱི་དོན་དུ་གོ་བའི་བུལ་བ་
བེ་ཆོན,བེ་ཅོན་
བེག་གེ,བེ་གེ་
བེང་ཆེན,རྩེ་མོའི་ངོས་བཞི་འབིགས་
བེད་གཅོད,བེད་སྤྱོད་
བེམ,བེན་
བེམ་ཏོལ,བེལ་རྡོལ་
བེའུ་གདང,བེའུ་རྡང་
བོན་པོ,ཕྱིས་སུ་ཆོས་ལུགས་འདིར་ལྟ་སྤྱོད་སྒོམ་གསུམ་སངས་རྒྱས་ཀྱི་ཆོས་ལུགས་
བྱ་བྱེའུ,བྱ་བྱིའུ་
བྱ་མ་བྱི,སྐབས་བསྟུན་མགོ་བདེ་དྲན་འཕྲུལ་བྱེད་མཁན་དེ་དག་ནི་བྱ་དང་ཙི་ཙི་གཉིས་ཀ་ཡིན་ཁུལ་བྱེད་མཁན་བྱ་མ་བྱི་
བྱ་ཚོགས,ཇག་སྡེ་ནི་བྱ་ཚོགས་
བྱ་གཟུངས་མོ,བྱ་གཟུགས་མོ་
བྱ་ཤང་ཤང་ཏེའུ,བྱ་ཤང་ཤང་
བྱང་ཆུབ་ཆེན་པོའི་ཕོ་བྲང,སངས་རྒྱས་དངོས་
བྱད་ཁ,བྱད་ཀ་
བྱམས་པ,བྱམ་པ་
བྱམས་པའི་ཆོས་ལྔ,བྱམས་ཆོས་སྡེ་ལྔ་
བྱི་ཕོ,བྱི་པོ་
བྱི་རིལ,བྱེ་རིལ་
བྱི་རུ,བྱུ་རུ་
བྱིན་པོ,བྱིངས་པོ་
བྱིའུ་མགོ,རྡོ་སྨན་གྱི་རིགས་བྱིའུའི་མགོ་དབྱིབས་
བྱུར་པོ,༢.བྱུར་བུ་
བྱེ་མ་ཉུ་གུ,བྱེ་མ་མྱུ་གུ་
བྱེའུ,བྱིའུ་
བྱེའུ་མགོ,བྱིའུ་མགོ་
བྱེལ,བྱེའུ་
བྲག་ཆ,བྲག་ཅ་
བྲུ་ཞ,བྲུ་ཤ་
བྲེལ་ཚུབ,བྲེལ་འཚུབ་
བླ་སྐྱེལ་བ,བླ་བསྐྱལ་བ་
བླ་གོས,ཚད་སྣམ་སྦྱར་
བླ་བཅོལ,བླ་ཅོལ་
བླ་འཆོལ,བླ་ཅོལ་
དབུ་དཔངས,དབུ་འཕང་
དབུ་མ,འཇིག་རྟེན་ན་མཐའ་དོར་བའི་དཀྱིལ་ལ་དབུས་ཞེས་པ་
དབུགས་དབྱུང,དབུགས་འབྱིན་པ་
དབུར་སྟོད,དབུ་རུ་སྟོད་
དབུས་རུ,དབུ་རུ་
དབྱངས་ལོགས་པ,མཚུངས་པ་
དབྱར་ཀ,དབྱར་ཁ་
དབྱི,གཡི་
དབྱུག་གུ,དབྱུ་གུ་
དབྱུག་ཐོ,དབྱུག་ཏོ་
དབྱེ་ཐང་ག,གཡེ་ཐང་
དབྲེ,སྦྲེ་
འབག་ཆས,གདོང་གི་དབྱིབས་
འབའ་ཇི,འབའ་ཆི་
འབེལ་བ,འབེལ་པོ་
འབོག་ཏོ,འབོག་ཐོ་
འབོལ་བ,འབོལ་པོ་
འབྱོར་ཕྱག་རང་གནས་སུ་འཁོར་ནས་གུས་འདུད་ཞུ་བའི་ཕྱག་འབྱོར་བ,༢.འབྱོར་པ་
འབྲས་མོ་ལྗོངས,འབྲས་མོ་གཤོངས་
འབྲས་མོ་གཞོངས,འབྲས་མོ་གཤོངས་
འབྲིང་པོ,འབྲིང་བ་
འབྲུ་མང་པོའི་བསྡུ་བ,ཟླ་བ་
འབྲུ་ཚ,འབྲུ་ཙ་
འབྲུག,མེ་སྒྱོགས་ཀྱི་སྒྲ་དེ་འབྲུག་སྐད་རྒྱག་པ་
འབྲུག་སྒྲ,གྲགས་ཆེ་འབྲུག་སྒྲ་
འབྲུམ་བུ,འབྲུམ་པ་
འབྲུམ་བུ་རྩེལ་ཏེ,འབྲུམ་ནག་རིགས་གསུམ་གྱི་ནང་ཚན་འབྲུམ་བུའི་དབྱིབས་ལུས་ལ་ཤིག་འབྱར་བ་
འབྲེང་པ,འབྲེང་བུ་
འབྲོས་འབྱོལ,བྲོས་བྱོལ་
རྦ་བཞེད,སྦ་བཞེད་
རྦད་དེ་ཁ་ལ,རྩ་བ་ནས་ཞེས་པ་
སྦང,སྦངས་
སྦབ་ཅ,སྦབ་ཆ་
སྦུག་ཆོལ,སྦུག་ཆལ་
སྦུན་མ,སྦུན་པ་
སྦུབ་ཆོལ,སྦུབ་ཆལ་
སྦུར་བ,སྦུར་མ་
སྦེ་ཀ,སྦེ་ག་
སྦེ་ཁ,སྦེ་ག་
སྦོ,དབོ་
སྦོ་རིལ,སྦུག་རིལ་
སྦྱར་ཁ,སྦྱར་ཀ་
སྦྱོང་ཐར,སྦྱོང་བརྡར་
སྦྲང་ཡབ,སྦྲང་གཡབ་
སྦྲེང་ཚར,སྦྲེངས་ཚར་
མ་ཀི,མ་གི་
མ་བུ,མ་ཡིག་
མ་བྱན,མ་ཆེན་
མ་ཡར,མ་གཡར་
མན་ཇུ,མཉཛུ་
མར་སྐྲོག་ག,མར་སྐྲོག་
མརྒད,མརྒཏ་
མལ་ཆས,མལ་ཆ་
མི་ཇགས,མི་འཕྱགས་
མི་གཏའ,མི་གཏེ་
མི་རྟག་པ,ཚེ་མི་རྟག་ནམ་མཁའི་གློག་
་བའི་ལུས་ལ་གནོད་པ་འབྱུང་བ་ཞིག་མི་བབས
མི་བྱེད་རྒུ་བྱེད,མི་བྱེད་དགུ་བྱེད་
མི་མ་སྤྲ,མིའི་གཟུགས་དབྱིབས་
མི་འམ་ཅི,མིའམ་ཅི་
མིག་མང,མིག་མངས་
མིག་གཡོར,མིག་ཡོར་
མིག་བསླེ་བོ,མིག་སླེ་བོ་
མིའི་བཙད་པོ,མིའི་བཙན་པོ་
མུ་ཏོ་བ,མུ་ལྟོ་བ་
མུ་ཐི་ལི,མུ་ཐི་ལ་
མུན་སྲིབས,མུན་སྲིབ་
མུལ་ལྟོ་བ,མུ་ལྟོ་བ་
མེ་ཏོག,མེ་ཏོག་སད་ཀྱིས་ཁྱེར་
མོ་ནད་འོ་ཚབས,རྒྱུ་ཞབས་གཟེར་ཞིང་ཟླ་མཚན་འོ་ཁ་འམ་ཆུ་
མོ་མ,མོ་པ་
མོང་བརྟུལ,མོང་རྟུལ་
མོད་པ,མོད་པོ་
མྱག་ཕྲན,ཉག་ཕྲན་
མྱུར་པོ,མྱུར་བ་
དམན་པོ,ཐ་ཤལ་གྱི་དོན་དུ་གོ་བའི་དམན་པ་
དམན་མོ,ཐ་ཤལ་གྱི་དོན་དུ་གོ་བའི་དམན་པ་
དམའ་པོ,དམའ་བ་
དམའ་མོ,དམའ་བ་
དམར་བ,དམར་པོ་
དམར་མོ,དམར་པོ་
དམིག་གུ,བུ་གའི་དོན་དུ་གོ་བའི་དམིག་བུ་
དམིག་པ,འབུ་སྐྱ་ལེབ་ཀྱི་དོན་དུ་གོ་བའི་དམིག་བུ་
དམེའ,དམེ་
རྨག་ཆད,རྨ་ག་ཆད་
རྨངས་ཚེར,སྨང་ཚེར་
རྨད་ཆད,རྨ་ག་ཆད་
རྨད་པོ,རྨད་པ་
རྨར་ཁམས,སྨར་ཁམས་
རྨུན་པ,རྨུན་པོ་
རྨེ་བོ,དམེ་བོ་
རྨེག་གཏའ,རྨེག་བཏའ་
རྨེའུ,སྨེའུ་
རྨེའུ་ཟན,སྨེའུ་ཟན་
རྨོ་བོ,རྨོ་མོ་
རྨོང་འཇབ,རྨངས་འཇབ་
རྨོངས་གཉིད,གཉིད་ཁུག་པ་
རྨོའི་ལགས,རྨོ་ལགས་
སྨག་སྦྲན,སྨག་ཁྲན་
སྨན་ཙེ,མན་ཙི་
སྨན་ཤར,དམན་ཤར་
སྨར་ཆུ,རྩེ་ཆུ་སོགས་
སྨུགས་པ,སྨུག་པ་
སྨེ་བ,༢.་དམེ་
སྨེག་པ,སྨྲེག་པ་
སྨེད,རྨེད་
སྨེད་པ,རྨེད་པ་
སྨོད་ཚིག་སྐྱོན་འཛུགས་པའི་ཚིག་སྨོན་དཀར་ལས་ཤོག་སྙེ་མོ་ནས་ཐོན་པའི་ཤོག་བུ་ཞིག་སྨོན་འགྲིན,སྨོན་འདྲིན་
སྨྱག་ཤད,སྨག་ཤད་
སྨྱན་ཁ,སྨྱན་ཀ་
སྨྱན་ག,སྨྱན་ཀ་
སྨྱིན་མ,སྨིན་མ་
ཙབ་ཏ་ཙུབ་ཏ,ཙབ་བེ་ཙུབ་བེ་
ཙེན་མིན,རྩེན་མིན་
ཙོག་པ,ཙོག་པུ་
ཙོག་པོ,༢.ཙོག་པུ་
གཙང་བ,གཙང་མ་
གཙང་དམེ,གཙང་རྨེ་
གཙུབ་སྟན,གཙུབ་གཏན་
གཙུབ་གདན,གཙུབ་གཏན་
གཙོར་འདོན,གཙོ་འདོན་
ེ་ཞེས་པའི་གཟུགས་མེད་ཀྱི་དམག་དཔུང
བཙོང,ཙོང་
རྩ་འགངས,རྩ་འགང་
རྩ་ར,ཙ་ར་
རྩབས་མོ,རྩབ་མོ་
རྩལ་འདོན,རྩལ་བཏོན་
རྩིང་བ,རྩིང་པོ་
རྩུབ་པ,རྩུབ་པོ་
རྩུབ་མོ,རྩུབ་པོ་
རྩེན་མུན,རྩེན་མིན་
རྩྭ་རམ་བུ,རྩྭ་རམ་པ་
བརྩེ་དུང,བརྩེ་གདུང་
བརྩེ་མོ,སྙིང་རྗེའི་མིང་དོན་དུ་གོ་བའི་བརྩེ་བ་
ཚ་རྟིང་མ,ཚ་རྟིང་
ཚ་ནད,ཚད་ནད་
ཚ་གནོན,ཚ་ནོན་
ཚ་མོ,༢.ཚ་པོ་
ཚ་གསེར,ཟངས་ལ་ཚ་གསེར་ཡག་པོ་བཏང་ན་གསེར་དངོས་
ཚག་པར,ཚགས་པར་
ཚགས་ལིང,ཚགས་གླིང་
ཚང་ར,མཚང་ར་
ཚད་རིམས,ཚ་བ་
ཚབ་མ,ཚབ་པོ་
ཚམ་ངམ,ཚམ་རྔམ་
ཚམས་ངམ,ཚམ་རྔམ་
ཚར་སྤེའུ,ཚར་སྤེ་
ཚར་ཕུད,ཚར་ཕོད་
ཚིག་གུ,ཚི་གུ་
ཚིག་འཕྲད,ཚིག་ཕྲད་
ཚིགས་མ,ཚིག་མ་
ཚུབ་མ,འཚུབ་མ་
ཚུལ་བཅོས,ཚུལ་འཆོས་
ཚེ་རིང་དྲུག་སྐོར,ཚེ་རིང་རྣམ་དྲུག་
ཚེ་རིང་པོ,ཚེ་རིང་བ་
་བའི་སྲོག་མེ་ལྕེ་
ཚེམ་སྲུབ,ཚེམ་སྲུབས་
ཚེས་མགོ,ཚེས་འགོ་
ཚོ་བ,ཚོ་པོ་
ཚོས་སར,ཚོས་གསར་
མཚག་པ,རྒྱགས་པའི་དོན་དུ་གོ་བའི་འཚག་པ་
མཚན་གུང,མཚན་དགུང་
མཚར་པོ,མཚར་བ་
མཚལ་ལུ,རྟིང་པ་དཀར་པོའི་དོན་དུ་གོ་བའི་མཚའ་ལུ་
མཚེ,མཚེ་ལྡུམ་
མཚོ་རྟ,རྒྱ་མཚོ་ལ་གནས་པའི་ཉ་རིགས་ཤིག་དེའི་གདོང་རྟ་
འཚང་ཁ,འཚང་ག་
འཚང་ར,མཚང་ར་
འཚམས་འདྲི,འཚམ་འདྲི་
འཚམས་པོ,འཚམ་པོ་
འཚེད་སྣུམ,འཚོད་སྣུམ་
འཚེར་སྣང,མཚེར་སྣང་
ཛར་ཛར,འཛར་འཛར་
མཛར་བ,ལམ་རྒྱགས་ཀྱི་དོན་དུ་གོ་བའི་འཛར་བ་
མཛུ་གུ,མཛུག་གུ་
མཛེར་པ,ལུས་ཀྱི་པགས་པའི་སྟེང་དུ་གཟེར་བུ་གདབ་པ་
མཛེས་པོ,མཛེས་པ་
མཛོ་གདང,མཛོ་རྡང་
འཛིང་བ,འཁྲུགས་པ་
འཛེར་དུམ,མཛེར་དུམ་
འཛེར་པ,མཛེར་པ་
རྫས་མ་ཚང་བའི་ཁྱད་པར་བརྗོད་པ,ཡོ་བྱད་ཀྱི་ཆ་ལག་མ་ཚང་ཡང།ཚང་བ་
རྫིའུ,རྫེའུ་
རྫུན་མ,རྫུན་པ་
རྫུས་སྐྱེས,མཐོ་རིས་ཀྱི་ལྷ་རྣམས་
རྫོང་བརྡ,རྫོང་བདའ་
རྫོངས་ཏ,རྫོངས་སྟ་
བརྫུན་པ,རྫུན་པ་
བརྫུས་སྐྱེས,རྫུས་སྐྱེས་
ཝ་གདོང་རུས་པ,ཝ་མོའི་གདོང་རུས་ཀྱི་དབྱིབས་
ཝལ་ལེ,ཝ་ལེ་
ཞག་རྩི,ཞག་ཚི་
ཞབས་འདྲེད,ཞབས་འགྲེད་
ཞར,ཞོར་
ཞལ་འཚུས,ཞལ་ཚུས་
ཞལ་ལ,ཞལ་བ་
ཞིང་ག,ཞིང་ཁ་
ཞིབ་མོ,ཞིབ་པ་
ཞིམ་པ,ཞིམ་པོ་
ཞུ་ངོ,ཞུས་ངོ་
ཞེང་ཁ,ཞེང་ག་
ཞོག་མ,ཞོགས་མ་
གཞགས་པ,བཞགས་པ་
གཞན,གཞན་པ་
གཞན་མ,གཞན་པ་
གཞབས་པ,བཞགས་པ་
གཞི་དགོན,གཞིས་དགོན་
གཞི་བྱེས,གཞིས་བྱེས་
གཞིའི་གནས་ལུགས,འོད་གསལ་སྟོང་པ་བོན་སྐུའི་ངོ་བོ་རང་བཞིན་རྣམ་དག་རྩོལ་མེད་ལྷུན་གྲུབ་སེམས་ཅན་ཐམས་ཅན་ལ་རང་ཆས་སུ་ཡོད་པའི་གཞིའི་གནས་ལུགས་ཏེ་ནང་པའི་བདེ་གཤེགས་སྙིང་པོ་
གཞུ་མོ,གཞུ་
གཞུ་རྩ,གཞུའི་དབྱིབས་
གཞུ་མ,གཞུག་གི་
གཞུང་བྲིས,གཞུང་རིས་
གཞོང་ཁུང,གཞོང་པ་
བཞམས་པ,བཞམས་པོ་
བཞི་ལིང,བཞི་གླིང་
བཞིན་གནག་པ,བཞིན་ནག་པ་
བཞུ་བ,བ་མོ་ཉི་མས་བཞུས་
བཞུན་པོ,གཞུན་པོ་
ཟངས་ཐལ,ཟང་ཐལ་
ཟབ་པ,ཟབ་མོ་
ཟབ་པོ,ཟབ་མོ་
ཟས་ཀྱི་རྣལ་འབྱོར,ཁ་ཟས་སྨན་
ཟས་ངན,དུག་
ཟིལ་དངར,ཟིལ་མངར་
ཟུར་བཏོན,ཟུར་འདོན་
ཟེ་འབྲུ,ཟེའུ་འབྲུ་
ཟེ་མོ,ཟེ་མོང་
ཟེ་ཚ,ཟེ་ཚཱ་
ཟོ་ཆུན་རྒྱུད་མོ,ཟོ་ཆུན་འཁྱུད་མོ་
ཟོག་རྫུ,ཟོག་རྫུན་
ཟོང་ཆུ,ཟོང་ཅུ་
ཟོམ་པ,ཟོན་པ་
ཟོལ་བུ,ཟོལ་པོ་
ཟླ་གང,མཀའ་གང་
ཟླ་བ་འཛིན་པ,ཟླ་འཛིན་
ཟླ་བོ་དངོས་པོའི་དཔེ,དེ་
གཟན་ཐག་གྲཱ་པའི་གཟན་གྱི་ཕྱི་ནས་སྒྲོག་ཐག་གཟན་དྲོན,ཟན་དྲོན་
གཟབ་བཤར,གཟབ་གཤར་
གཟིམས་མལ་བ,སྔར་བོད་རྒྱལ་པོའི་ཉལ་ཁང་རང་ལ་གཡོག་བྱེད་མཁན་ཏེ་ཕྱིས་ཀྱི་གཟིམ་དཔོན་
གཟེགས་མ,ཟེགས་མ་
གཟེབ་མ,གཟེབ་སྣོད་
བཟང་ཆུ,དངུལ་ཆུ་
བཟང་བ,བཟང་པོ་
བཟོ་ཏ,བཟོ་ལྟ་
བཟོ་བོ,བཟོ་པ་
འུང་ཏེང,འུང་ཏེ་
འུང་སྟེ,འུང་ཏེ་
འུབས་པ,འུབ་པ་
འུར་རུ་རུ,འུ་རུ་རུ་
འོ་ཚབས,མོ་ནད་ཁྲག་ཚབས་རིགས་ཤིག་ཟླ་མཚན་འོ་ཁའི་ཆུ་
འོག་སྒོ་གཉིས,ལུས་ཀྱི་འོག་ངོས་སུ་སྒོ་
འོང་ག,འོང་ཁ་
འོད་ཀོར,འོད་སྐོར་
འོན་ཅིག,ཁྱེར་ཤོག་འོན་ཏང།ཨཱཨོན་ཏེ་
འོན་གསེང,འོན་སེང་
འོལ་མདུད,ཨོལ་མདུད་
ཡ་དཀན,ཡ་རྐན་
ཡ་ཕུབས,ཡ་ཕུབ་
ཡ་བོ,ཡ་པོ་
ཡ་ཡུས,ཡ་ཡུད་
ཡག་པ,ཡག་པོ་
ཡག་མོ,ཡག་པོ་
ཡང་འགྲེལ,འདྲ་
ཡང་འཇུག་རྗེས་འཇུག་ན་ར་ལ་གསུམ་གྱི་མཐར་འཐོབ་པའི་ད་དྲག་དང,ན་ར་ལ་ད་ག་ང་བ་མ་ས་ད་ས་ཡང་ལྗིད།ཡང་ལྕི་
ཡང་པོ,ལྕི་བའི་ལྡོག་ཕྱོགས་ཀྱི་དོན་དུ་གོ་བའི་ཡང་བ་
ཡང་མོ,ཡང་བ་
ཡངས་པ,ཡངས་པོ་
ཡམ,ཡམས་
ཡས་ཐགས,ཡས་སྟགས་
ཡི་རངས་པ,ཡི་རང་བ་
ཡིག་དཔར,ཡིག་པར་
ཡིག་ལམ,ཡི་གེ་ལམ་གྱི་གཟུགས་སུ་བཀོད་པ་སྟེ་དོན་དུ་ཡིག་ཐོག་
ཡིད་མུག་པ,ཡིད་རྨུགས་པ་
ཡིད་འོང་གཙང་པོ,ཕར་ལུང་གཙང་པོ་
ཡིད་ལ་མནགས་པ,ཡིད་ལ་བརྣགས་པ་
ཡིན་མདོག་ཁ་མོ,ཡིན་མདོག་ཁ་པོ་
ཡིན་པ,ཡིན་
ཡུག་ཟ་མོ,ཡུག་ཟ་མ་
ཡུགས་ས་མ,ཡུག་ཟ་མ་
ཡུང་ང,ཡུང་བ་
ཡུངས་དཀར,ཡུངས་ཀར་
ཡེ་ཤེས་འཇུག་པ,ཡེ་ཤེས་ལ་འཇུག་པ་
ཡེ་ཤེས་སེམས་དཔའ,དམ་ཚིག་པའི་ཐུགས་ཀར་པད་ཉི་ལ་སོགས་པའི་གདན་ལ་དམ་ཚིག་པ་
ཡེར་བ,གཡེར་བ་
ཡེལ་བ,གཡེལ་བ་
ཡོ་སྤྱད,ཡོ་བྱད་
ཡོད་རྒུ,ཡོད་དགུ་
གཡང་སྒྲོམ,གཡང་སྒམ་
གཡི,གཟུགས་དབྱིབས་ཕལ་ཆེར་གཟིག་
གཡུང་པོ,༢.་གཡུང་བ་
གཡུང་མ,གཡུང་བ་
གཡུང་མོ,༢.་གཡུང་བ་
གཡུང་ཟ,མི་
ར་གདང,ར་རྡང་
ར་ཧུ་ལ,རཱ་ཧུ་ལ་
རཀཤ,རག་ཤ་
རག་ལུས་པ,རག་ལས་པ་
རང་སྐྱ,རང་རྐྱ་
རང་སྐྱོང་ལྗོངས,ཞིང་ཆེན་གྱི་རིམ་པ་
རང་ག་མ,རང་ག་བ་
རང་དགའ་བ,རང་ག་བ་
རང་རྒྱལ་གྱི་ཐེག་པ,འཇུག་སྒོ་ཉན་ཐོས་,སྒོམ་པ་དགོས་ཆོས་རྟེན་འབྲེལ་བཅུ་གཉིས་ལུགས་འབྱུང་བཀག་ནས་ལུགས་ལྡོག་སྟོང་པ་བཅུ་གཉིས་ཁྲིགས་ཆགས་སུ་བསྒོམ་ཞིང་སྤྱོད་པ་ཉན་ཐོས་
རང་དོན,སྤྱི་དོན་མཐོན་པོ་གནམ་
རང་བབས,རང་བབ་
རང་བྱན་ཚུད་པ,རང་བྱན་ཆུད་པ་
རངས་པ,རང་བ་
རན་པོ,འཚམས་པོ་དང་དུས་ལ་སླེབས་པའི་དོན་དུ་གོ་བའི་རན་པ་
རབ་ཏུ་འབྱིན་པ,རབ་ཏུ་བྱུང་བ་
རབ་བཏགས་དཔེ,དཔེ་ལ་སེམས་ལྡན་
རམ,༡.རམས་
རམ་པ,རྩྭ་ཞིག་སྟེ་རན་པ་
རལ་ག,རལ་གུ་
རི་སྐེགས,རི་སྐྱེགས་
རི་བོ་ཏི་རྩེ,རི་བོ་ཏེ་སེ་
རི་བྲག,རི་བྲགས་,བྲག་རི་
རིག་པའི་གནས,རིག་གནས་
རིགས་བསྒྲེ,རིགས་འགྲེ་
རིང་བ,རིང་པོ་
རིང་མོ,རིང་པོ་
རིངས་པོ,རིངས་པ་
རིན་ཆེན་སྣ་ལྔ,བུད་མེད་ཀྱི་རྒྱབ་ཏུ་གྱོན་རྒྱུའི་པང་གདན་
རིམས་ཚད,ཚ་བ་
རིལ་མོ,ཆ་ཚང་བའམ་ཟླུམ་པོའི་དོན་དུ་གོ་བའི་རིལ་པོ་
རིས་ཁྲ,རིས་བཀྲ་
རུལ་པ,རུལ་པོ་
རུས་སྦལ་མ,རུས་སྦལ་གྱི་དབྱིབས་
རེ་སྨ,རེ་རྨ་
རེག་ཟིན,རེག་ཟིག་
རེད་པ,རྐྱེན་གཞན་
རོ་ཟན,རོ་ཟས་
རོལ་མོ་བ,རོལ་མོ་མཁན་
རླུང་ཚུབ,རླུང་འཚུབ་
རླུང་ཡབ,རླུང་གཡབ་
རླུང་གཡོར,རླུར་ཡོར་
བརླིང་བ,བརླིང་པོ་
ལ་ཐུ,ལ་དུ་
ལ་ཐ,ལ་ཏ་
ལ་ད,ལ་ཏ་
ལ་ཕུག,ཉུང་མ་
ལ་བ,ལཱ་བ་
ལག་བརྟེན,ལག་རྟེན་
ལག་པ་གཏོང་བ,ལག་གཏམ་
ལང་བ,ཞོགས་པ་ལང་མི་ཤེས་བ་
ལཉཚ,ལཉཛ་
ལན་གླན,ལན་གློན་
ལན་བླན,ལན་གློན་
ལམ་ཀ,ལམ་ཁ་
ལམ་ག,ལམ་ཁ་
ལམ་སངས,ལམ་སང་
ལས་ཀྱི་སྒྲ,ལས་སུ་བྱ་བའི་སྒྲ་
ལས་ཀྱི་རྣམ་དབྱེ,ལས་སུ་བྱ་བའི་སྒྲ་
ལས་སྒྲ,ལས་སུ་བྱ་བའི་སྒྲ་
ལས་ཐོག་མ་པ,ལས་དང་པོ་བ་
ལས་ཕྱོད,ལས་ཆོད་
ལས་བྱེད་པ,ལས་མི་
ལས་སེང,ལས་གསེང་
ལས་སླ་བ,ལས་སླ་པོ་
ལི་ཀ་ར,ལི་ཁ་ར་
ལིང་བ,ལིང་སྟེ་
ལིང་ལོང,ལིང་ལིང་
ལིངས་སེ,ལིང་སྟེ་
ལིའུ་ཐོ,ལེའུ་ཐོ་
ལུ་གུ,ལུག་གུ་
ལུག་གདང,ལུག་རྡང་
ལུགས་སྣོད,ལུག་སྣོད་
ལུགས་ཤུབས,ལུག་ཤུབས་
ལུས་ཚགས,ལུས་འཚག་
ལེ་བར,ལེ་དབར་
ལེ་ཚེ,ལེའུ་ཚེ་
ལེགས་པོ,ལེགས་པ་
ལེབ་པ,ལེབ་མོ་
ལེབ་པོ,ལེབ་མོ་
ལེབ་སྦྱོར,ལེབ་འབྱར་
ལེབ་མ,ཉལ་དབྱིབས་སམ་ལྡེབས་ལོགས་ཁོད་སྙོམས་པོའི་དོན་དུ་གོ་བའི་ལེབ་མོ་
ལོ་འཁོར་བཅུ་གཉིས,ལོ་སྐོར་བཅུ་གཉིས་
ལོ་ཐོག་གཤེད,ལོ་ཏོག་གཤེད་
ལོ་ཙཚ་བ,ལོ་ཙཱ་བ་
ལོ་ཡི་ཐེག་པ,ལོའི་ཐེག་པ་
ལོ་སར,ལོ་གསར་
ལོག་སྐད,ལོགས་སྐད་
ལོག་པར་གཡེམ,ལོག་གཡེམ་
ལོང་ཀ,ལོང་ག་
ལོང་ཁ,ལོང་ག་
ལོད་པ,ལོད་པོ་
ཤ་ཀླད,མིའི་ཀླད་པ་ཤ་
ཤ་ཁོན,ཤ་འཁོན་
ཤ་འབྲས,ཨ་འབྲས་
ཤ་མོང,ཤ་མོ་
ཤང,གཤང་
ཤམ,གཤམ་
ཤར་ལུས་འཕགས་པོ,ནང་དང་གཡས་གཡོན་གྱི་ངོས་གསུམ་འཛམ་གླིང་
ཤལ་ལ,བཤལ་ལ་
ཤི་བོ,ཤི་པོ་
ཤུ་ཏི,འབྲས་བུ་སྤྲུ་འབྲུ་
ཤུ་བ་ཁ་བརྒྱ,མཛེ་རིགས་ཤིག་ཤ་རོ་ཤུ་བ་
ཤེ་མཐུན,ཤེད་མཐུན་
ཤེ་མོ,ཤེད་མོ་
ཤེ་མོང,ཤེད་མོང་
ཤེས་བྱ,ཤེས་བྱ་བྱེ་ཐང་ཆུ་
ཤོ,ཤཱ་
ཤོ་གདན,ཤོ་སྟན་
ཤོག་ཀ་ལི,ཤོ་ཀ་ལི་
ཤོག་གྲིལ,ཤོག་དྲིལ་
ཤཱ་བ,ཤ་བ་
གཤགས,ཤགས་
གཤན་པ,ཤན་པ་
གཤམ་ཐབས,ཤམ་ཐབས་
གཤིན་པ,འཇམ་པོ་དང་དུལ་བའི་དོན་དུ་གོ་བའི་གཤིན་པོ་
གཤིན་རྫས,གཤིན་ཟས་
གཤེན་རབས,གཤེན་རབ་
བཤའ་དཀར,གཤའ་ཚེ་དཀར་པོ་
བཤུར་མ,ཤུར་མ་
བཤུལ་ཀ,བཤུལ་
བཤུལ་ཁ,བཤུལ་
ས་སྟན,ས་གདན་
ས་འདོལ,བྱེ་མ་
ས་ཕྱོད,ས་ཆོད་
ས་འབྲས,སྲ་འབྲས་
ས་ཚུར,ས་མཚུར་
ས་ལེ་བ,གསལ་ལེ་བ་
སག་སག,སག་ས་
སངས་རྒྱས་རབས་བདུན,སངས་རྒྱས་དཔའ་བོ་བདུན་
སབ་མོ,སབ་མ་
སར་པ,གསར་པ་
སིངས་པ,སིང་པོ་
སིངས་པོ,སིང་པོ་
སིབ,སིབ་བི་
སིབ་བུ,སིབ་བི་
སིམ་པོ,བདེ་བའམ་སྐྱིད་པའི་དོན་དུ་གོ་བའི་སིམ་པ་
སིལ་མ,སིལ་བུ་
སིལ་ལི་མ,སི་ལི་མ་
སུག་པོ,རྐང་ལག་གི་དོན་དུ་གོ་བའི་སུག་པ་
སུམ་ཆ,གསུམ་ཆ་
སུམ་གཉིས,གསུམ་གཉིས་
སུམ་བྲིཏ,སུམ་བིད་
སུརྱ,སུརྱ་
སེ་གོ་བོ,སེ་གོ་དིང་
སེ་ཡབ,བསེ་ཡབ་
སེ་ཤིང,བསེ་ཤིང་
སེག་རྡར,སག་རྡར་
སེང,གསེང་
སེར་ཁ,སེར་ཀ་
སེར་ཁ་མ,སེར་སྐམ་མ་
སེར་ག,སེར་ཀ་
སེར་པོ་དཔའ་བོ,སེར་པོ་བཙན་དུག་
སེར་ཕྲེང,སེར་འཕྲེང་
སོ་ཀ,སོས་ཀ་
སོ་ག,སོས་ཀ་
སོ་ཉུལ,སོ་མྱུལ་
སོ་བ,སོ་པ་
སོ་འབྲུ,སོ་འདྲུ་
སོ་མ་ར་ཙ,སོ་མ་རཱ་ཛཱ་
སོ་ཚི,སོ་རྩི་
སོ་གསོད་པོ,སོ་གསོད་པ་
སོག་ཁ་པ,སོག་ཀ་པ་
སོག་ག་པ,སོག་ཀ་པ་
སོག་ཆུ,དེའི་ཆུ་འགོ་གདང་ལའི་རི་རྒྱུད་ནས་བྱུང་ཞིང་བོད་རང་སྐྱོང་ལྗོངས་ཀྱི་སྦྲ་ཆེན་རྫོང་དང་སོག་རྫོང་བརྒྱུད་དེ་ནག་ཆུ་
སོག་པའི་མེ་ལོང,དབྱིབས་མེ་ལོང་
སོབ་པ,སྙིང་པོ་མེད་པའི་ཁོང་སྟོང་གི་དོན་དུ་གོ་བའི་གསོབ་པ་
སོལ་རྡོ,བྲག་སྲུབས་སོགས་ནས་ཐོན་པའི་རྡོ་རིགས་མདོག་ནག་པོ་སོལ་བ་
སོས་དལ,སོས་གདལ་
སྲ་པོ,སྲ་བ་
སྲ་མོ,སྲ་བ་
སྲ་རྩི་སྤོས,སྲ་རྩི་སྤོག་
སྲབ་གོར,སྲབ་སྒོར་
སྲབ་མོ,སྲབ་པོ་
སྲི་ཁྲི་བཙན་པོ,སྲིབ་ཁྲི་བཙན་པོ་
སྲིན་གྱི་མེ,སྡོམ་
སྲིན་འབུ,སྲིན་བུ་
སྲིབས,སྲིབ་
སྲུན་པ,སྲུན་པོ་
སྲུབས་དབར,སྲུབས་དབྲག་
སྲེ་བོ,བསྲེ་བོ་
སྲེ་མོ,སྲེ་མོང་
སྲོ་ཁང,བསྲོ་ཁང་
སྲོ་གང,བསྲོ་ཁང་
སྲོ་སྒོང,བསྲོ་ཁང་
སྲོལ་ཀ,སྲོལ་ཁ་
སླ་ཆོས,སླ་བཅོས་
སླ་པོ,གར་པོ་མིན་པ་སོགས་ཀྱི་དོན་དུ་གོ་བའི་སླ་བ་
སླ་མོ,གར་པོ་མིན་པ་སོགས་ཀྱི་དོན་དུ་གོ་བའི་སླ་བ་
སླ་ཙ,སླད་ཚ་
སླགས་པ,༡.སླག་པ་
སླད་ཙ,སླད་ཚ་
སླུ་འབྲིད,སླུ་འདྲིད་
སླེ་བོ,སླེ་བ་
གསགས་ཀ,གསེག་ཀ་
གསའ,གཡི་
གསར་བུ་བ,གསར་བུ་
གསལ་པོ,སྒྲིབ་མེད་མངོན་པའི་དོན་དུ་གོ་བའི་གསལ་བ་
གསུམ་ག,གསུམ་ཁ་
གསུས་པོ,གསུས་པ་
གསེག་ཁ,གསེག་ཀ་
གསེང་བར,གསེང་དབར་
གསེང་ཡབ,གསེང་གཡབ་
གསེར་མངལ་ཅན,གཏམ་རྒྱུད་དུ་འཇིག་རྟེན་འདི་ཐོག་མར་ཆགས་དུས་གསེར་གྱི་སྒོ་ངའམ་གསེར་
གསོན་པོ,སྲོག་དང་ལྡན་པའི་དོན་དུ་གོ་བའི་གསོན་པ་
གསོམ་སེང་ལྡེང,སེང་ལྡེང་རིགས་གསུམ་གྱི་ནང་ཚན་མདོག་སྐྱ་ལ་གསོམ་
བསམ་མནོ,བསམ་བློ་
བསིངས་བུ,བསིངས་པོ་
བསིལ་བུ,གྲང་བའི་དོན་དུ་གོ་བའི་བསིལ་བ་
བསིལ་མོ,གྲང་བའི་དོན་དུ་གོ་བའི་བསིལ་བ་
བསིལ་ཡབ,བསིལ་གཡབ་
བསུ་བེལ,གསུ་བེལ་
བསུན་པ,སུན་པ་
བསུན་པོ,སུན་པོ་
བསེ་ཐེབ,བསེ་ཐེབས་
བསེར་མ,བསེར་བུ་
བསཱ་སྒྲ,བསོ་སྒྲ་
བསྲུན་པ,སྲུན་པོ་
བསྲུན་པོ,སྲུན་པོ་
བསྲུན་མོ,སྲུན་པོ་
ཧ་རིའི་རྟ་ཅན,ཧ་རི་རྟ་ཅན་
ཧ་རེ་ཧུ་རེ,ཧ་རི་ཧུ་རི་
ཧབ་ཤང་ཙེའུ,ཧབ་ཤང་མཚེའུ་
ཧབ་ཤང་ཚེའུ,ཧབ་ཤང་མཚེའུ་
ཧས་པ,ཧལ་བ་
ཧུ་ཐུག་ཐུ,ཧོ་ཐོག་ཐུ་
ཧོར་ཀོང,ཧོར་ཁོང་
ཧོར་ཁོངས,ཧོར་ཁོང་
ཧོར་འདྲ་ཟ་རྐང་གི་ཞལ་ལྕེ,ཧོར་དུས་གོང་མའི་མི་སྣ་
ཧོར་སེར་ཁག་ལྔ,ཧོར་ཁོག་ཁག་ལྔ་
ཧོལ་རྒྱུགས,ཧོལ་རྒྱུག་
ཧྲག་བསྡུས,ཧྲགས་བསྡུས་
ཧྲག་པ,ཧྲག་པོ་
ཧྲང་པོ,ཧྲེང་པོ་
ཧྲལ་བ,ཧྲལ་པོ་
ཧྲིལ་བ,ཧྲིལ་པོ་
ཧྲིལ་མོ,ཧྲིལ་པོ་
ཧྲུག་པ,ཧྲུག་པོ་
ཧྲུད་པོ,ཧྲུད་པ་
ཧྲུལ་བ,ཧྲུལ་པོ་
ཧྲུལ་བུ,ཧྲུལ་པོ་
ཧྲོག་པོ,ཧྲོག་པ་
ཧྲོབ་པོ,ཧྲོབ་པ་
ལྷ་ཕེབས,མི་ལ་ལྷ་
ལྷ་བབ,མི་ལ་ལྷ་
ལྷ་འབེབས་པ,མི་ལ་ལྷ་
ལྷ་མོ་ཨཽ་མ,ལྷ་མོ་ཨཽ་མ་
ལྷ་ལུས,ལྷ་ལུས་ཐོབ་ཀྱང་གཡར་བའི་རྒྱན་
ལྷིང་པོ,ལྷིང་བ་
ལྷིང་བ,ཞི་ཞིང་དུལ་བ་
ལྷུག་མ,ཚིགས་བཅད་མིན་པའི་ཡེ་གེའི་དོན་དུ་གོ་བའི་ལྷུག་པ་
ལྷུགས་པ,ཚིགས་བཅད་མིན་པའི་ཡི་གེའི་དོན་དུ་གོ་བའི་ལྷུག་པ་
ལྷུགས་ལྷུགས,ལྷུག་ལྷུག་
ལྷུང་ལྷུང,འབབ་ཆུ་ལྷུང་ལྷུང་དུ་འབབ་པའི་སྒྲ་
ལྷུར་པོ,བརྩོན་པ་ཆེན་པོའམ་དོ་ཁུར་ཆེ་བའི་དོན་དུ་གོ་བའི་ཧུར་པོ་
ལྷུར་བརྩོན,ཧུར་བརྩོན་
ལྷོ་བྲག་ནུབ་ཆུ,འབབ་ཆུ་ཞིག་བོད་རང་སྐྱོང་ལྗོངས་ཀྱི་ལྷོ་བྲག་རྫོང་ཁུལ་དུ་ཡོད་ཅིང་སྡུར་ཞེས་པའི་གྲོང་སྡེའི་འགྲམ་དུ་ལྷོ་བྲག་ཤར་ཆུ་
ལྷོ་བྲག་ཤར་ཆུ,ལྷོ་བྲག་རྫོང་ཁུལ་དུ་ལྷོ་བྲག་ནུབ་ཆུ་
ལྷོད་པོ,གྲིམས་པ་མིན་པའི་དོན་དུ་གོ་བའི་ལྷོད་པ་
ལྷོད་གཡེང,ལྷོད་ཡེངས་
ཨ་ཀ་རུ,ཨ་ག་རུ་
ཨ་ག་མ,ཨ་ཁ་མ་
ཨ་སྒོར,ཨ་ཀོར་
ཨ་ཆི་ཐོ,ཨ་ཆི་ཐུ་
ཨ་ཆུ,ཨ་ཆུ་ཆུ་
ཨ་ཆུང,འ་ཆུང་
ཨ་ཆོར,ཨ་ཅོར་
ཨ་ཕོ་ཧོར,ཨ་པོ་ཧོར་
ཨ་མི་དེ་བ,ཨ་མི་ཏཱ་བྷ་
ཨ་ཙ་ཙ,ཨ་ཚ་ཚ་
ཨ་ཙི་ཙི,ཨ་ཙི་
ཨ་ཙེ,ཨ་ཙི་
ཨ་འུ་ཙི,ཨཱུ་ཙི་
ཨ་ར,ཨ་ར་ར་
ཨ་ལ,ཨ་ལ་ལ་
ཨ་ལ་ལ,སྐྱེས་གཟུགས་མཛེས་པ་ལྷ་མོ་
ཨ་ལ་ལ་ཧོ,ཨ་ལ་ལ་
ཨ་ལ་ལའོ,ཨ་ལ་ལ་
ཨ་ལའི,དྲན་སོས་པའི་ཚིག་ལ་གོ་བའི་ཨ་ལས་
ཨ་ལི,ཨའ་ལི་
ཨ་ལུང,ཨ་ལོང་
ཨ་ཤཱ་ཀ,ཨ་ཤོ་ཀ་
ཨ་སོ,ཨ་སོ་ཀ་
ཨ་ཧ་ཧ,ཨ་ཧ་
ཨ་ཧོ་ཡེ,ཨ་ཧོ་
ཨའ་ཙརྱ,ཨ་ཙ་ར་
ཨག་ཚོམ,ཨོག་ཚོམ་
ཨང་ཀ,ཨང་ཀི་
ཨང་རག་ཨང་འགའ་རག་གི་བསྡུས་ཚིག་ཨང་རས,ཨང་རག་
ཨན་ཏར,ཨན་རྡར་
ཨན་དར,ཨན་རྡར་
ཨན་པང,འང་པན་
ཨར་སྐོན,ཨར་ཀོང་
ཨར་ག,ཨར་ཀ་
ཨའརྱ་དེ་བ,ཨརྱ་དེ་ཝ་
ཨིམ་ཆི,ཨེམ་ཆི་
ཨཽ་ཐུག་པ,འུ་ཐུག་པ་
ཨཽ་པ་ལི,ཨཽཔཱལི་
ཨེ་ཁུང,ཨི་ཁུང་
ཨོ་རྒྱན,ཨཽ་རྒྱན་
ཨོག་ཀོར,ཨོག་སྐོར་
ཨོག་ཚར,ཨོག་ཚོམ་
ཨོར་བ,དབོར་བ་
ཨོལ་གོང་འཛུམ,འདིའི་ལོ་མ་དང་སྡོང་པོ་རྣམས་ཁུ་མང་