ཀཎྜ་ཀ་རི་,ཀཎྜ་ཀ་རི་དེ་
ཀཱུ་བ་རཿ,ཤིང་རྟ་
ཀིང་ཤུ་ཀ་,ཀེང་ཤུ་ཀ་
ཀུ་རུ་ཀུལླེའི་ཁྲིད་,ཞེས་པའི་བར་གཞན་རྣམས་
ཀེ་རྩེ་,ཀེའུ་ཙེ་
ཀེང་རུས་ཀྱི་འདུ་ཤེས་,།དེ་ནས་སྤྲོ་བའི་ཚེ་སྔར་,།དེ་ནས་སྤྲོ་བའི་ཚེ་སྔར་
ཀོ་ཙེ་,སྐོ་ཙེ་
ཀོར་མོ་,ཀོར་
ཀྭ་,ཀྱེ་
ཀྱེ་མ་,ཀྱེ་མ་མ་
ཀྱེ་རྡོ་རྗེ་,རྡོ་རྗེ་དེ་
ཀྱོ་ཏང་,ཀྱོ་བ་ཏང་
ཀྱོང་བུ་,ཀྱོང་པོ་
ཀྱོང་མོ་,ཀྱོང་པོ་
ཀྲད་འཁོར་,ཀྲད་ཀོར་
ཀྲིག་ཆགས་,ཀྲིག་ཅར་
ཀླུ་ཆེན་བརྒྱད་,གཡོན་པས་ཆུང་མ་རང་
ཀླུ་མཚོན་,ཀླུའི་མཚོན་ཆ་
ཁ་དྲོ་པོ་,ཁ་དྲོ་བ་
ཁ་རུ་ཚྭ་,རོ་སྔ་མ་
ཁ་རྒས་པ་,ཁ་རྒན་པོ་
ཁ་སང་,ཁ་རྩང་
ཁ་སངས་, ཁ་སང་
ཁ་སྟབས་,ཁ་ཐབས་
ཁབ་ཀྱི་ཁ་,དུང་ཁ་ཁབ་རྩེ་
ཁབ་ཅན་འཁོར་ལོ་བརྩེགས་པ་,རྩ་ལོ་པད་མ་བརྩེགས་པ་
ཁབ་སྤུ་ཅན་,སྤུ་རྩུབ་པ་ཁབ་
ཁྱི་གཟིག་,བཟོ་ལྟ་ཁྱི་
ཁྱོ་ཟན་བག་མ་,བུས་ཀྱང་ཕ་
ག་དག་,ག་ཐག་
གཅོད་ཀྱི་མཚོན་པ་དཔེ་དྲུག་,།དངོས་གྲུབ་ཀྱི་ཆུ་མིག་,།གསེར་གཡུ་ཆག་པའི་དུམ་བུ་
གཅོད་པའི་འཁོར་ལོ་,རྡོ་སྒྱོགས་ཆེན་པོ་
གཅོད་པའི་འཁོར་ལོ་གཉིས་,རྡོ་སྒྱོགས་ཆེན་པོ་
གཉིད་ལྗིད་པོ་,གཉིད་ལྕི་པོ་
གཉིད་སད་,ལྷ་སྤྱི་
གཉུག་མ་དྲན་གསལ་གྱི་ཁྲིད་,ཞེས་པའི་བར་གཞན་རྣམས་
གཎ་གཡོག་,གན་གཡོག་
གཏན་གཏན་,བརྟན་བརྟན་
གདན་ཆ་,གདན་ཆས་
གདམས་ངག་,མན་ངག་
གདུ་གུ་,གདུ་བུ་
གནམ་ལྕགས་ཟིལ་བ་,དཔེ་གནམ་ལྕགས་
གནས་འབྱུང་བདུན་,དགེ་སློང་མ་
གནས་སྐབས་རྣམས་ཀྱི་དཔེ་,ཐིག་ལེ་རགས་པ་ནི་ཞོ་
གཞན་མ་,གཞན་པ་
གཞི་བྱེས་,གཞིས་བྱེས་
གཞོང་ཁུང་,གཞོང་པ་
གཟུགས་ན་སྤྱོད་པ་རྣམ་པ་གསུམ་,གཟུགས་མེད་པ་ན་སྤྱོད་པ་ཡང་དེ་
གཟུགས་མེད་རྣམ་ཐར་བཞི་,གཟུགས་མེད་སྙོམས་འཇུག་བཞི་
གཟུངས་སྔགས་པ་,མྱུ་གུའམ་སྣམ་བུ་
གཡུ་མདོག་,གཡུ་ཡི་ཁ་དོག་
གཡུང་ཟ་,མི་
གསུས་པོ་,གསུས་པ་
གི་ལིང་,གྱི་ལིང་
གོ་ཡོག་,གོ་གཡོག་
གོམས་པའི་ཉམས་,དཔེ་སྦལ་བ་མཆོང་བ་
གྭ་ཤྭ་,གྭ་ཞུར་
གྱོན་འདང་,གྱོན་ལྡང་
གྱོན་ལྡང་,གྱོན་ལྡེང་
གྲོ་ཞིན་,གྲོ་བཞིན་
གྲོང་གི་གཅན་གཟན་,བྱེད་ལས་གཅན་གཟན་
ང་རྒྱལ་,༢བདག་
ང་རྒྱལ་གྱི་རྒྱུ་ལས་བྱུང་བའི་ཉེས་དམིགས་རྣམ་པ་གསུམ་,ཀུན་ནས་ཉོན་མོངས་པ་ཅན་ཆགས་པར་འགྱུར་བའི་ཡུལ་ལ་ཡང་དེ་
ངེས་དོན་བསྟན་པ་དར་རྒྱས་,དེ་ནས་བཟུང་དགོན་དུད་ཚང་
ངེས་པར་འབྱུང་བ་,ཁམས་གསུམ་བཙོན་ར་
ངོ་ཚ་བ་,ངོ་ཚ་
ངོ་འདྲ་,གདོང་
ངོ་ཤིག་,གདོང་ལ་ཤིག་
ཅོག་ཅོག་,ཙོག་ཙོག་
ཆ་སྤྱད་,ཆ་དཔྱད་
ཆང་སིངས་,ཆང་སིང་
ཆད་ཀ་,ཆད་
ཆབ་ལྕེ་,ཆབ་རྩེ་
ཆབ་སྐྱ་,ཆུ་
ཆར་ཟིམ་པོ་,ཆར་ཟིམ་བུ་
ཆར་སིམ་བུ་,ཆར་ཟིམ་བུ་
ཆུ་བྲུབས་པ་,ཆུ་བྲུབ་པ་
ཆུ་མ་རྩི་,ལྕུམ་དཀར་པོ་
ཆུ་འཛིན་,ལོ་མ་བུམ་པ་
ཆུ་རུག་པ་,ལྕེ་ཚ་མེ་ཏོག་
ཆུ་སྐྱ་,ཆུ་
ཆུའི་ཁམས་ལ་བརྟེན་ནས་ས་གཡོས་པའི་སྣང་ཚུལ་དྲང་སྲོང་རྣམས་ཀྱིས་བཤད་པ་ལྔ་,ཟླ་བ་སྒྲིབ་ཅིང་དེ་ལ་ཀུན་ནས་སྤྲིན་ཆེན་པོའི་མཚན་ཉིད་དང་ལྡན་ཞིང་དེ་
ཆོས་ཀྱི་དབྱིངས་རྣམ་པར་དག་པ་,ཤེས་བྱའི་སྒྲིབ་པ་སྤྲིན་
ཆོས་ཀྱི་སྐུ་,ཡེ་ཤེས་མེ་,ཡེ་ཤེས་མེ་
ཆོས་ཀྱི་སྦྱིན་པ་,སེམས་ཉོན་མོངས་པ་
ཆོས་བཅུ་,ནམ་མཁའ་
ཉ་ཕྱིས་འདྲ་,འབྲས་བུ་ཉ་ཕྱིས་
ཉ་བཤང་ཆུ་,རྟ་དབང་ཆུ་
ཉག་,བྲིང་
ཉན་ཐོས་རྩ་བའི་སྡེ་བཞི་,གྲྭའི་རྟགས་མང་པོས་བཀུར་བ་
ཉེས་བྱས་,།(ཕམ་པ་
ཉོན་ཡིད་ཀྱི་ཆོས་གསུམ་,དཔེ་བྱི་ལའི་ཁྱད་ཆོས་གསུམ་
ཏཱ་ལའི་རྩ་བ་ཅན་,ཤིང་ཏཱ་ལའི་རྩ་བ་
ཏི་པི་ཅག་,ཏིམ་པི་ཅ་
ཏེབ་བེ་,སྡེར་མ་
ཐུགས་རྗེའི་དྲག་ཚད་,རྫུ་འཕྲུལ་གྱི་སེར་བ་,ང་རྒྱལ་གྱི་གཡུ་འབྲུག་,བར་སྣང་གི་གློག་,དབྱར་ཁའི་སྤྲིན་དཔུང་,ཐང་ཀའི་སྨྲིག་རྒྱུ་,བསྐལ་པའི་འབྱུང་བ་
ཐུལ་བ་,ཟླ་གམ་
ཐོ་ཆོ་,ཐོ་ཅོ་
ཐོ་བཙམས་པ་,མཐོ་འཚམ་པ་
ཐོབ་ཆི་,ཐེབས་ཆི་
ཐོབ་ཆུ་,ཐེབས་ཆི་
དཀྱིལ་ཀྲུང་,སྐྱིལ་ཀྲུང་
དཀྱིལ་འཁོར་དུ་འཇུག་པའི་དཔེ་བཞི་,དཔེར་ན་དཀྱིལ་འཁོར་དུ་བཅུག་པ་,དཔེར་ན་དཀྱིལ་འཁོར་དུ་དབང་ཐོབ་པ་
དག་པ་གསུམ་གྱི་ཁྲིད་,ཞེས་པའི་བར་གཞན་རྣམས་
དགག་སྒྲ་བཅོ་ལྔ་,མེད་དང་གཞན་
དགུང་ཚིགས་,གུང་ཚིགས་
དགེ་ཚུལ་གྱི་བཤགས་པ་,།གཞན་དུ་ན་ཕམ་པ་
དགེ་འདུན་རྣམ་པ་གསུམ་,ཚུལ་ཁྲིམས་འཆལ་པ་,ཚུལ་ཁྲིམས་འཆལ་པ་,ཚུལ་ཁྲིམས་འཆལ་པ་
དགེ་སྦྱོང་དང་རིགས་ཀྱི་བུ་སོགས་གཙོ་བོར་འཛིན་པ་ཐོབ་པའི་ཆོས་ལྔ་,ཀུན་ཏུ་ཐོགས་མེད་པའི་འོད་ཟེར་རྣམས་ཀྱིས་སེམས་ཅན་ཐམས་ཅད་བདག་
དགེ་སློང་འགྱེད་པའི་རྩ་བ་དྲུག་,ངོ་ཚ་མེད་ཅིང་ཁྲེལ་མེད་པ་ཡང་དེ་
དགོངས་གཅིག་གི་ཁྲིད་,ཞེས་པའི་བར་གཞན་རྣམས་
དགོངས་པ་ཅན་གྱི་མདོ་,ཡུལ་འཁོར་དང་བཅས་པ་
དགྲ་སྟ་,སྟ་རེ་
དང་བསྟོད་,དང་དོད་
དད་པའི་ས་,ཚོགས་ལམ་
དཔལ་གྱི་མེ་ཏོག་,དབྱིབས་མེ་ཏོག་
དབུ་དཔངས་,དབུ་འཕང་
དབུ་མ་ཆེན་པོའི་ཁྲིད་,ཞེས་པའི་བར་གཞན་རྣམས་
དབྱི་དཀར་,དབྱིབས་གཟིག་
དབྱི་དམར་,དབྱིབས་གཟིག་
དབྱི་ནག་,དབྱིབས་གཟིག་
དབྱི་མོ་,དབྱིབས་གཟིག་
དབྱུང་བས་ཕྱིར་བཅོས་པ་,མགུ་བ་སྤྱོད་པ་ལའང་དེ་
དམ་པའི་མཛོད་ཆེན་གསུམ་,དམ་པའི་མཛོད་གསུམ་
དམ་འབི་,དམ་བེ་
དམྱལ་བའི་རྒྱུ་བཅུ་,ལེགས་ཉེས་འབྱེད་པའི་ལྷ་
དོ་ཧ་སྐོར་གསུམ་གྱི་ཁྲིད་,ཞེས་པའི་བར་གཞན་རྣམས་
དོན་དམ་ངེས་པའི་ལུང་,དོན་དམ་ངེས་པའི་མདོ་
དོན་དམ་ངེས་པར་སྣང་བའི་ཚིག་,དོན་དམ་ངེས་པར་སྣང་བའི་ཐེག་པ་
དོམ་ནག་ཁ་ཆུ་,དོམ་ནག་གི་ཁ་ཆུ་
དྭངས་མ་ལྔ་,དྭངས་མ་ལྔ་
དྲིའི་སྙིང་པོ་,སྐྱེ་ཚུལ་ལྕུམ་
དྲིལ་བུ་རིམ་ལྔའི་ཁྲིད་,ཞེས་པའི་བར་གཞན་རྣམས་
ན་དྲུག་རྒྱན་,རྒྱན་དྲུག་
ན་མ་པོ་ཐོ་,ན་ཁ་སྤོ་ཐོ་
ནག་པོ་རིམ་བཞིའི་ཁྲིད་,ཞེས་པའི་བར་གཞན་རྣམས་
ནང་ལྟར་,གང་ཞིག་
ནང་སྐོར་,ནང་སྐོར་མིག་
ནན་ཏུར་བཅོ་ལྔ་,དགེ་སློང་མ་རྣམས་
ནམ་གླང་,གླང་པོ་ཆེ་
ནཱ་རོ་ཆོས་དྲུག་,ཡུལ་ཐམས་ཅད་དེ་
ནཱ་རོ་ཆོས་དྲུག་གི་ཁྲིད་,ཞེས་པའི་བར་གཞན་རྣམས་
ནེ་ལེ་,བྱ་གླག་
ནཻ་གུ་ཆོས་དྲུག་གི་ཁྲིད་,ཞེས་པའི་བར་གཞན་རྣམས་
པ་བ་རེ་སྐོན་,སྙིང་དབྱིབས་
པར་ཁ་བཏབ་པ་,ཚ་ཚ་ཚ་ཀོང་
ཕག་རྒོད་,ལུས་ཕག་
ཕང་པ་,པང་པ་
ཕན་ཚུན་གཉིས་འབྱོར་རྣམ་པ་བརྒྱད་,སུམ་ཅུ་རྩ་གསུམ་པ་རྣམས་ཀྱང་དེ་
ཕར་ལུང་གཙང་པོ་,ཡིད་འོང་གཙང་པོ་
ཕུང་པོ་ལྔའི་མཚོན་དཔེ་ལྔ་,གཟུགས་ཀྱི་ཕུང་པོ་སྣོད་
ཕྱག་ཆེན་ལྔ་ལྡན་གྱི་ཁྲིད་,ཞེས་པའི་བར་གཞན་རྣམས་
ཕྱག་རྒྱའི་ལམ་གྱི་ཁྲིད་,ཞེས་པའི་བར་གཞན་རྣམས་
ཕྱི་རྒྱན་དྲུག་,རྒྱན་དྲུག་
ཕྱི་སྐོར་,ཕྱི་སྐོར་ལུས་
ཕྱིར་མི་འོང་མཐོང་ཆོས་ཞི་,ས་མཚམས་ཕྱིར་མི་འོང་སྤྱི་
བ་གྲུས་མ་,བ་དྲུས་མ་
བ་གླང་མིག་,བ་ལང་གི་མིག་
བག་,བག་
བཅིབ་པ་,ཆིབས་པ་
བཅིབས་པ་,ཆིབས་པ་
བདག་མེད་མའི་ནང་ཁྲིད་,ཞེས་པའི་བར་གཞན་རྣམས་
བདུད་རྩི་ཞག་,འབྲུ་མར་
བདེ་མཆོག་དཀར་པོའི་ཁྲིད་,ཞེས་པའི་བར་གཞན་རྣམས་
བཙུན་མོ་གཡུ་ཡི་ལྕང་ལོ་ཅན་,བཙུན་མོའི་གཡུ་ཡི་ལྕང་ལོ་
བཞིན་གནག་པ་,བཞིན་ནག་པ་
བཟང་ཆུ་,དངུལ་ཆུ་
བར་ཆོད་,བར་ཆད་
བར་སྲིད་ངན་སོང་དུ་སྐྱེ་ཚུལ་,།སྒོང་སྐྱེས་ནི་མངལ་སྐྱེས་
བརྒྱགས་བརྔན་,རྒྱགས་རྔན་
བཤད་རྒྱུད་,ཕྱི་སྐོར་ལུས་,ནང་སྐོར་མིག་,གསང་སྐོར་སྙིང་
བསམ་གཏན་ཡོངས་སུ་དག་པ་བཅུ་,དགེ་བའི་བཤེས་གཉེན་ཚུལ་
བསམ་མི་ཁྱབ་ཀྱི་ཁྲིད་,ཞེས་པའི་བར་གཞན་རྣམས་
བསམ་སེའུ་,ཆུ་ཟླ་
བསིངས་བུ་,བསིངས་པོ་
བསིལ་ཡབ་,བསིལ་གཡབ་
བསུ་བེལ་,གསུ་བེལ་
བསེ་ཡབ་,ཀུ་ཤུ་སོགས་
བསེན་ཐོར་,རིམས་ནད་
བསོ་,ཀེ་སོགས་
བསོང་པོ་,སྲོང་པོ་
བསྐལ་དོན་སོང་བའི་གང་ཟག་,བསྐལ་དོན་ནི་ཐེ་ཚོམ་
བསྒོ་གྱུར་གྱི་ལྟུང་བ་,།གསོལ་བ་ནི་བཟློག་པ་
བསྔགས་པའི་དཔེ་,།དེ་དག་ཉིད་
བསྔོ་བ་དུག་བཅས་,།ཇི་ལྟར་དུག་
བསྙེན་རྫོགས་ཀྱི་བཤགས་པ་,མཐོལ་བའི་སྐབས་སུ་བཤད་པ་
བསྟན་རིམ་གྱི་ཁྲིད་,ཞེས་པའི་བར་གཞན་རྣམས་
བསྭ་སྒྲ་,བསོ་སྒྲ་
བསྲུན་པོ་,སྲུན་པོ་
བུམ་པ་བཟང་པོའི་ཆོས་བཅུ་,ཡང་བུམ་པ་བཟང་པོ་བསྒྲུབ་པ་
བུམ་འདྲ་,ལོ་མ་བུམ་པ་
བུམ་རྣ་ཅན་,རྣ་བ་བུམ་པ་
བེད་གཅོད་,བེད་སྤྱོད་
བོང་ང་སེར་པོ་,དབྱིབས་དམར་པོ་
བྱ་མ་བྱི་,བྱེའུ་ཕ་ཝང་
བྱ་རྒོད་སེན་མོ་,བྱ་རྒོད་ཀྱི་སེན་མོ་
བྱང་ཆུབ་སེམས་བཙའ་ཐབས་གསུམ་,ཆོམ་རྐུན་གྱིས་མི་ཚུགས་པ་
བྱང་སེམས་ཁྱིམ་པར་ལྡན་དགོས་པའི་ཆོས་གསུམ་,ཁྱིམ་ན་གནས་པ་དེས་སྲོག་ནི་ཕོ་ཉའི་དགོངས་གནས་
བྱམས་ཆོས་ལྔའི་ཁྲིད་,ཞེས་པའི་བར་གཞན་རྣམས་
བྱིན་གྱིས་རླབས་ཀྱི་སྤྱོད་པ་,ཡུལ་ཆུང་ན་ནམ་མཁའ་ཆུང་བ་
བྱིའུ་མགོ་,ཕན་ཡོན་ཕག་མགོ་
བྱེ་བྲག་སྨྲ་བའི་རྟག་ཆད་ཀྱི་མཐའ་,ལས་བྱས་པ་ན་བུ་ལོན་གྱི་དཔང་རྒྱ་
བྱེལ་,བྱེའུ་
བླ་མ་,སྤྱི་
བླ་མའི་རང་བཞིན་ཉེར་ལྔ་,བླ་མའི་ཡོན་ཏན་ཉེར་ལྔ་
བླ་སྐྱེལ་བ་,བླ་བསྐྱལ་བ་
བློ་གྲོས་ཐབས་གསུམ་གྱི་མན་ངག་,བློ་གྲོས་ཐབས་ཀྱི་མན་ངག་གསུམ་
མ་གཅིག་གི་གཅོད་ཀྱི་ཁྲིད་,ཞེས་པའི་བར་གཞན་རྣམས་
མ་གཉིས་པ་,མ་དངོས་
མ་ངེས་པའི་རྟགས་དྲུག་,གྲོགས་ངེས་མེད་ལྷ་,གྲོགས་ངེས་མེད་ལྷ་
མ་ཧཱ་མཱ་ཡའི་ཁྲིད་,ཞེས་པའི་བར་གཞན་རྣམས་
མཁའ་སྤྱོད་,ཆེན་པོ་སྔར་
མགལ་པ་,མགལ་དུམ་
མངོན་སུམ་གྱི་ཚད་འབྲས་,།དེ་ལ་གཟུང་རྣམ་ནི་དོན་
མཆད་ཀ་,མཆད་པ་
མཆད་པ་,ལྷ་ས་མཁར་
མཆིན་ཀ་,མཆིན་ཁ་
མཆོད་བཤམས་,མཆོད་གཤོམ་
མཇུག་སྣོན་,མཇུག་གནོན་
མཐའ་གཅོད་,མཐའ་དཔྱོད་
མཐུ་ནུས་,ནུས་མཐུ་
མཐུག་ངར་,མཐུག་རྔམས་
མཐུན་པར་འཇུག་པར་བྱ་བ་,དཔེར་ན་གཉེན་ཁ་ལེན་བྱེད་པ་
མཐུན་འཇུག་སྤྱོད་པའི་ལུང་,མཐུན་འཇུག་ཐབས་ཀྱི་སྤྱོད་པ་
མཐུན་འཇུག་སྦྱོར་བའི་ལུང་,མཐུན་འཇུག་སྦྱོར་བའི་མདོ་
མཐུར་ཐག་,མཐུར་མདའ་
མཐེབ་དྲས་,མཐེབ་གྲི་བ་
མཐོང་ལམ་རྩེ་སྦྱོར་,ཐེག་ཆེན་གྱི་མཐོང་ལམ་
མཐོན་ག་,མཐོན་ཀ་
མདང་སོང་,མདང་སུམ་
མདོ་རྒྱུད་བསྲེ་བའི་ཁྲིད་,ཞེས་པའི་བར་གཞན་རྣམས་
མདོ་སྡེ་པའི་ལུགས་ཀྱི་རྟེན་འབྲེལ་ཡན་ལག་བཅུ་གཉིས་,།ཉོན་མོངས་པ་གསུམ་དུ་བསྡུས་པ་སོགས་ཕལ་ཆེར་ནི་སྔ་མ་
མདོང་ངུ་,མདོང་མོ་
མན་ངག་གི་བློ་གྲོས་ཐབས་གསུམ་,བློ་གྲོས་ཐབས་ཀྱི་མན་ངག་གསུམ་
མན་ངག་གི་སྡེ་བཞི་,ཕྱི་སྐོར་ལུས་,གསང་སྐོར་སྙིང་,ཕྱི་སྐོར་ལུས་,།ནང་སྐོར་མིག་,།གསང་སྐོར་སྙིང་
མཚན་གྱི་ཁྱད་པར་བརྒྱད་,མཚན་གྱི་རྣམ་གྲངས་བརྒྱད་
མཚན་སོ་,མེལ་ཚེ་
མཚམས་བཙོས་དང་དེ་ཟོས་པའི་ཉེས་བྱས་,རུང་ཁང་མ་ཡིན་པ་དེ་ཡང་རང་ངམ་རང་
མཚམས་ལ་ཡིད་གཉིས་ཟ་བའི་ཚེ་མ་མ་བརྒྱད་,ཡིད་གཉིས་ནི་ངེས་པས་འབྱིན་པར་བྱེད་པ་
མཚེར་སྡུག་,མཚེར་སྣང་
མཚོན་བྱེད་རྒྱུད་དྲུག་,ཨ་ཏིའི་བསྟན་པ་ནམ་མཁའ་
མི་གཡོ་བའི་ཁྲིད་,ཞེས་པའི་བར་གཞན་
མི་དཔོན་,དཔོན་པོ་
མི་འགྱུ་དགུ་འགྱུ་,མི་དྲན་དགུ་དྲན་ཞེས་པ་
མིག་གཡོར་,མིག་ཡོར་
མིག་ཆ་ག་,མིག་ཀྲི་ག་
མིག་འཕྲུལ་,སྒྱུ་མ་
མིག་འཕྲུལ་མཁན་,སྒྱུ་མ་མཁན་
མིག་ལོག་,སྡང་མིག་
མིག་སྐྱོ་,མིག་སྐྱག་
མུ་སྟེགས་ཅན་ཞུགས་པ་,རྐུ་ཐབས་སུ་གནས་པ་
མུན་ནག་,ཟླ་བ་
མུན་པ་,ཉི་མ་
མུན་སྲིབས་,མུན་སྲིབ་
མུལ་ལྟོ་བ་,མུ་ལྟོ་བ་
མེ་ཏོག་གུར་ཀུམ་,གུར་གུམ་མེ་ཏོག་
མེ་ཚག་,མེ་སྟག་
མེ་ཚང་,ཐབ་ཚང་
མེ་འཁྲུག་,དམེ་འཁྲུག་
མེ་ལོང་ལྟ་བུའི་ཡེ་ཤེས་,ཡེ་ཤེས་གཟུགས་བརྙན་
མེ་ཧྲོག་,མེ་ཏོག་
ཙེན་མིན་,རྩེན་མིན་
ཙོག་པོ་,ཙོག་པུ་
ཙོམ་མདོ་,ཤོ་དགོན་
ཚ་ཇ་,ཞོགས་ཇ་
ཚངས་པའི་བསོད་ནམས་སྐྱེད་པ་,ཚངས་པར་སྐྱེ་བའི་བསོད་ནམས་
ཚངས་པའི་ཚུལ་,འཁོར་ལོ་
ཚད་རིམས་,ཚ་བ་
ཚིང་པ་,ཕྱིང་པ་
ཚིང་ཞུ་,ཕྱིང་ཞུ་
ཚུབ་མ་,འཚུབ་མ་
ཚུལ་ཁྲིམས་ལས་བྱུང་བའི་བསོད་ནམས་བྱ་བའི་དངོས་པོ་,གཞན་ནི་བསོད་ནམས་བྱ་བའི་དངོས་པོ་གོང་མ་གཉིས་
ཚུལ་ཇི་ལྟར་དུ་ཉམས་པ་,དེ་བསྙེན་པར་རྫོགས་པ་
ཚུལ་བཅོས་,ཚུལ་འཆོས་
ཚེ་ཚི་མ་ཐུབ་,ཚེ་ཕྱི་མ་ཐུབ་
ཚེ་སྲོག་བླ་གསུམ་,མར་མེའི་མར་ཁུ་
ཚེམ་སྲུབ་,ཚེམ་སྲུབས་
ཚོས་སར་,ཚོས་གསར་
ཞག་བདུན་པའི་སྨན་,།བདུད་རྩི་ནི་ཞུན་མར་
ཞང་གི་ཟབ་རྒྱའི་ཁྲིད་,ཞེས་པའི་བར་གཞན་རྣམས་
ཞང་འགྲོ་བའི་མགོན་པོ་,སྔར་གྱི་རྟོགས་པ་
ཞབས་ཐོག་,ཞབས་ཏོག་
ཞར་རྒོག་,ཞར་གོག་
ཞི་བྱེད་ལམ་ལྔའི་ཁྲིད་,ཞེས་པའི་བར་གཞན་རྣམས་
ཞིང་ག་,ཞིང་ཁ་
ཞུ་ངོ་,ཞུས་ངོ་
ཞུས་དག་,ཞུ་དག་
ཞེན་པ་བཞི་བྲལ་གྱི་ཁྲིད་,ཞེས་པའི་བར་གཞན་རྣམས་
ཟ་ཁུ་,ཟུངས་,ཟུངས་
ཟ་གོང་,བྱ་གཡབ་
ཟབ་པའི་ཚུལ་དགུའི་ཁྲིད་,ཞེས་པའི་བར་གཞན་རྣམས་
ཟེ་མོ་,ཟེ་མོང་
ཟེའི་གར་,ཟེ་དཀར་
ཟོམ་པ་,ཟོན་པ་
ཟྭ་ཕྱི་ཨ་ཡ་,དབྱིབས་ཟྭ་
ཟླ་གང་,མདའ་གང་
ཟླ་ཕྱེད་ལོ་མ་,ལོ་མ་ཟླ་བ་ཕྱེད་ཀ་
ཟླ་འཇོག་གི་སྤང་ལྟུང་,འདོད་པ་ཆེ་བ་སྟེ་འཆང་བ་
འཁོར་བའི་རང་བཞིན་དཔེ་དྲུག་བསྟན་པ་,།བཟང་ངན་བདེ་སྡུག་འགྱུར་བས་སྤྲིན་
འཁོལ་ཆུ་གཙང་པོ་,མཐར་བུམ་ཆུ་
འཁྱུག་ཙམ་,ཁྱུག་ཙམ་
འགང་,འགངས་
འགན་འཛི་ར་,འགན་འཇིར་
འགི་ཝང་,གི་ཝང་
འགུར་ཞོ་,མགུར་ཞོ་
འགྲོ་བའི་ཚེ་ཚད་,།འདོད་པའི་ལྷ་
འགྲོན་པོ་,མགྲོན་པོ་
འགྲོན་བུ་,འབུ་སྐྱོགས་
འཇམ་དབྱངས་དཀར་པོ་ལ་མཆོག་གསུམ་འདུས་པའི་ངོ་བོར་བསྟོད་པ་སྨྲ་བའི་སེང་གེ་བསྒྱིངས་པའི་ང་རོ་,ཀུན་མཁྱེན་མི་ཕམ་རྒྱ་མཚོས་མཛད་པའི་འཇམ་དབྱངས་དཀར་པོའི་བསྟོད་པ་སེང་གེ་བསྒྱིངས་པའི་ང་རོ་
འཇའ་འདེགས་,འཇའ་རྡེག་
འཇལ་སྡུམ་,འཇལ་དུམ་
འཇིག་ཚོགས་ལ་ལྟ་བ་ཉི་ཤུ་,བདག་གཟུགས་ཡིན་ཏེ་བདག་པོ་,བདག་གཟུགས་དང་ལྡན་ཏེ་རྒྱན་,གཟུགས་བདག་གི་ཡིན་ཏེ་བྲན་,གཟུགས་ལ་བདག་གནས་ཏེ་སྣོད་,བདག་ཚོར་བ་ཡིན་ཏེ་བདག་པོ་,བདག་ཚོར་བ་དང་ལྡན་ཏེ་རྒྱན་,ཚོར་བ་བདག་གི་ཡིན་ཏེ་བྲན་,ཚོར་བ་ལ་བདག་གནས་ཏེ་སྣོད་,བདག་འདུ་ཤེས་ཡིན་ཏེ་བདག་པོ་,བདག་འདུ་ཤེས་དང་ལྡན་ཏེ་རྒྱན་,འདུ་ཤེས་བདག་གི་ཡིན་ཏེ་བྲན་,འདུ་ཤེས་ལ་བདག་གནས་ཏེ་སྣོད་,བདག་འདུ་བྱེད་ཡིན་ཏེ་བདག་པོ་,འདུ་བྱེད་བདག་གི་ཡིན་ཏེ་བྲན་,འདུ་བྱེད་ལ་བདག་གནས་ཏེ་སྣོད་
འཇིག་རྟེན་ཁམས་,འཇིག་རྟེན་
འཇིགས་བྱེད་ཀྱི་ཁྲིད་,ཞེས་པའི་བར་གཞན་རྣམས་
འཇིལ་ལི་,སྤུའམ་སྤུ་
འཐམ་ལག་,ཐམ་ལག་
འཐུད་པ་,མཐུད་པ་
འཐོལ་བ་,མཐོལ་བ་
འདག་གུ་,ལྡག་གུ་
འདག་བག་,འདམ་བག་
འདག་བྱིལ་,འདག་བྱེའུ་
འདན་པ་,མདན་པ་
འདམ་ཆུ་,འདམ་
འདམ་བྱེའུ་,འདག་བྱེའུ་
འདུག་གནས་སུ་ཟ་བའི་ལྟུང་བྱེད་,ཡན་ལག་ཡང་ཡང་ཟ་བའི་ལྟུང་བྱེད་
འདུག་སྟངས་གསུམ་,དྲང་སྲོང་ཙོག་པུ་
འདུན་ལས་,དུན་ལས་
འདོད་པ་རང་རྐྱེན་གྱི་ཚིག་,འདོད་པ་རང་རྐྱེན་གྱི་ཐེག་པ་
འདྲ་བཟོས་,དཔེ་གཞན་ཞིག་
འདྲ་བའི་ཡི་གེ་,ན་ནི་ཏའི་སྡེ་ཚན་,ང་ནི་ཀའི་སྡེ་ཚན་
འདྲ་བཤུས་,མ་དཔེ་
འདྲ་མ་,ཉོན་
འདྲ་རིས་,མ་དཔེ་
འདྲུམས་པ་,གནས་རལ་པ་
འཕང་ལོ་,ལྷ་ང་
འཕང་སྣ་,འཕྲང་སྣ་
འཕངས་པ་,ཕངས་པ་
འཕར་འབོབ་,འཕར་བོབས་
འཕལ་ཁ་,འཕལ་ཀ་
འཕལ་ག་,འཕལ་ཀ་
འཕིགས་,ཕུག་
འཕུ་རྒོད་,ཕྲུ་རྒོད་
འཕུ་རྨོ་,ཕྲུ་སློག་
འཕོང་གི་སྤོང་ས་,འཕོང་གི་དཔོང་ས་
འཕོན་པོ་,ཕོན་པོ་
འཕྱམ་,ཕྱམ་
འཕྱིང་བ་,ཕྱིང་བ་
འཕྲས་པ་,འཕྲེས་པ་
འཕྲུ་བ་,ཕྲུ་བ་
འཕྲུལ་དགའ་,གནས་དེ་ཡང་དེ་
འབར་བ་ལྡན་,ཕུར་བ་
འབུག་,བཤད་པ་
འབུར་རུ་,ཐོར་པ་
འབུར་ཤོག་,ཤིང་གཞོག་
འབོག་གྲོ་,འབྲོག་གྲོ་
འབོག་ཏོ་,འབོག་ཐོ་,འབོག་ཐོ་
འབོག་པ་,འབྲོག་པ་
འབོང་,འབྲོང་
འབོང་མིག་,འབྲོང་མིག་
འབྱིན་པར་བྱེད་པའི་རྩ་བ་གསུམ་,འབྱིན་པའི་ལྡེ་མིག་རྩ་བ་གསུམ་
འབྱེད་པར་བྱེད་པའི་ཡན་ལག་དྲུག་,འབྱེད་པའི་ལྡེ་མིག་ཡན་ལག་དྲུག་
འབྲས་བུའི་ཐེག་པ་,།དེ་བས་ན་འབྲས་བུ་
འབྲས་བུའི་བསྙེན་པ་གསུམ་,བཅའ་གཞི་ལས་ཀྱི་བསྙེན་པ་
འབྲོས་འབྱོལ་,བྲོལ་བྱོལ་
འཚུབ་མ་,ཐལ་བ་
འཚུལ་བ་,མཚུལ་བ་
འཛེར་དུམ་,མཛེར་དུམ་
འཛེར་པ་,མཛེར་པ་
འཛོམ་པོ་,འཛོམས་པོ་
འུག་པ་ལག་པ་,འུག་པའི་ལག་པ་
འུང་ཏེང་,འུང་ཏེ་
འུང་སྟེ་,འུང་ཏེ་
འོད་འཛིན་མ་སྒྲུབ་པའི་ཐབས་,འགྱུར་བྱང་དུ་“ལོ་པཎ་སྔ་མ་
འོལ་མདུད་,ཨོལ་མདུད་
ཡ་མགལ་,ཡ་འཁལ་
ཡ་ཡུས་,ཡ་ཡུད་
ཡ་ཧྲོད་,ཡ་ཐོད་
ཡང་དག་དུག་ལྔ་,ལོག་པ་དེ་དག་
ཡང་དག་པའི་འདོད་ཆགས་,ལོག་པའི་འདོད་ཆགས་
ཡང་རྒྱུའི་དབྱུག་,ཡང་རྒྱུའི་ཆུ་ཚོད་
ཡམས་ནད་,གཉན་
ཡས་ཐགས་,ཡས་སྟགས་
ཡས་མས་,ཡར་མར་
ཡིག་བརྒྱའི་ཕན་ཡོན་,།རྡོ་རྗེ་སེམས་དཔའ་
ཡིད་ཅན་བཅུ་བཞི་,སྲིད་པ་བཅུ་བཞི་
ཡིད་ཆེས་པ་,མི་ཡིད་ཆེས་པ་
ཡིད་མངོན་,སྐྱེ་ཚུལ་སྔར་
ཡིད་འོང་གཙང་པོ་,ཕར་ལུང་གཙང་པོ་
ཡེ་ཤེས་འཇུག་པ་,ཡེ་ཤེས་ལ་འཇུག་པ་
ཡེར་པ་གཙུག་ལག་ཁང་,ཡེར་པ་གསང་སྔགས་གླིང་
ཡེལ་བ་,གཡེལ་བ་
ཡོ་བྱད་ཆེན་པོ་ལྔ་,དམ་པའི་ཡོ་བྱད་ལྔ་
ཡོང་འབབ་,ཡོང་སྒོ་
ཡོན་ཏན་བཅུ་གཅིག་,མཛད་ཐབས་བཅུ་གཅིག་
ཡོམ་,ཡོམ་ཡོམ་
ར་མ་ལུག་,སྐད་ཆ་
ར་མོ་ཤག་,ནུས་པ་ར་མཉེ་
ར་ཧུ་ལ་,རཱ་ཧུ་ལ་
རཀྴ་,རག་ཤ་
རག་རྡོ་,འདི་རག་གན་
རག་ལས་པ་,རག་ལས་པ་
རང་ག་མ་,རང་ག་བ་
རང་བབས་,རང་བབ་
རང་བྱན་ཚུད་པ་,རང་བྱན་ཆུད་པ་
རང་རྒྱལ་གྱི་ཁྱད་ཆོས་དྲུག་,ཕྱི་མ་གཉིས་ཀྱང་བསེ་རུ་ལྟ་བུ་
རང་རྒྱལ་གྱི་ཐེག་པ་,སྤྱོད་པ་ཉན་ཐོས་
རང་སྐྱ་,རང་རྐྱ་
རབ་ཏུ་འབྱིན་པ་,རབ་ཏུ་བྱུང་བ་
རལ་ལྕོག་,རལ་ཅོག་
རི་བོ་ཏི་རྩེ་,རི་བོ་ཏེ་སེ་
རི་བྲག་,རི་བྲགས་
རི་ཡི་ཁྱི་སེར་,གཟུགས་དབྱིབས་ཁྱི་
རི་ཡི་རྐང་པ་,རི་བོའི་རྐང་པ་
རིག་པའི་གནས་,རིག་གནས་ཞེས་པ་
རིག་མ་,ས་གཞི་
རིག་མཐུན་བསྡུ་ཚུལ་,སོར་སྡུད་ནི་སྔར་,ལྷག་མ་བཞི་གོང་,དང་པོ་གསུམ་པོ་སྔ་མ་
རིགས་འདྲའི་རྒྱུ་,རིགས་འདྲ་ཕྱི་མ་རང་
རིམས་ཚད་,ཚ་བ་
རུ་ཏྲ་ཐར་པ་ནག་པོ་,རུ་དྲ་ཐར་པ་ནག་པོ་
རུང་ཁང་,རང་ངམ་རང་
རུས་ཟོང་,རུས་པ་
རེ་ཤིག་,རེ་ཞིག་
རེ་སྨ་,རེ་རྨ་
རེག་ཟིན་,རེག་ཟིག་
རྐུན་མ་རྫབ་ཆེན་,རྐུན་མ་ཚབས་ཆེན་
རྒུད་པོ་,གུད་པོ་
རྒྱ་དཀར་,རྒྱ་གར་
རྒྱ་ཕུབས་,རྒྱ་ཕིབས་
རྒྱ་མཚོའི་མར་གསར་,ཁ་དོག་མར་གསར་བ་
རྒྱུ་དངོས་,རྒྱུ་དངོས་པོ་
རྒྱུད་ཀྱི་སྒོ་ནས་ལས་འབྲས་བཞི་,།དེ་ལྟ་ན་མི་དགེ་བ་ཡང་དགེ་བ་
རྔུལ་གཟན་,ཚད་བླ་གོས་
རྔེ་ཆེན་,རྔེ་ཅན་
རྙིང་ཚད་,རྙིངས་ཚད་
རྙིངས་པ་,རྙིང་པ་
རྙེད་པ་རྣམ་པ་གསུམ་,མ་འོངས་པ་ན་བདག་
རྙེད་པ་ལ་ཡིད་གཉིས་ཟ་བའི་མ་མ་དྲུག་,ཡིད་གཉིས་ནི་ངེས་པས་འབྱིན་པར་བྱེད་པ་
རྙོག་པ་ལྔ་,།འདྲ་བ་
རྟ་འོ་ལ་,རྟ་འོལ་བ་
རྟ་རྨུ་རྒོད་,རྟ་དམུ་རྒོད་
རྡུམ་པོ་,རྡུམ་པ་
རྡོ་རྗེ་ཚིག་བདུན་མ་,ཚིག་བདུན་གསོལ་འདེབས་
རྡོ་རྗེའི་མཇུག་མ་ཅན་,མཇུག་མ་རྡོ་རྗེའི་དབྱིབས་
རྡོ་ཧྲུབ་,རྡོ་ཧྲུག་
རྣ་ཅོག་,རྣ་ལྕོག་
རྣ་བ་ཅན་,ལོ་འདབ་རྣ་བ་
རྣམ་ངེས་ཊཱི་ཀ་,རྣམ་ངེས་དར་ཊཱིཀ་
རྣམ་པར་སྨིན་པ་མིན་པའི་སྐད་ཅིག་མའི་སྦྱོར་བ་,རྣམ་པར་སྨིན་པ་མ་ཡིན་པའི་སྐད་ཅིག་མའི་སྦྱོར་བ་
རྣམ་བཤད་,འགྲེལ་བཤད་
རྣམ་བྱང་གི་སྟོབས་,གཞན་རྣམས་དབང་པོ་
རྨད་ཆད་,རྨ་ག་ཆད་
རྩ་བའི་རླུང་ལྔ་,རོ་མའི་ནུས་པ་
རྩེན་མུན་,རྩེན་མིན་
རླུང་ཚུབ་,རླུང་འཚུབ་
རླུང་ལུམས་,རླངས་ལུམས་
ལམ་གྱི་བདེན་པ་,མངོན་པར་རྟོགས་པ་
ལམ་འཁྱེར་གྱི་ཁྲིད་,ནཻ་གུ་ཆོས་དྲུག་སོགས་
ལས་གནག་ལ་རྣམ་པར་སྨིན་པ་གནག་པ་,།དེ་ལྟ་ན་མི་དགེ་བ་ཡང་དགེ་བ་
ལས་དཀར་ལ་རྣམ་པར་སྨིན་པ་དཀར་བ་,།དེ་ལྟ་ན་མི་དགེ་བ་ཡང་དགེ་བ་
ལུང་ཐང་མིག་,ལུང་ཏོང་མིག་
ལེབ་པ་,ལེབ་མོ་
ལེབ་པོ་,ལེབ་མོ་
ལོ་རས་ཆོས་སྐྱོང་དཔལ་,ནད་པ་རྣམས་ཀྱི་ནད་
ལོག་པར་གཡེམ་,ལོག་གཡེམ་
ལྕགས་འདྲའི་འཁྲུལ་འཁོར་,རྡོ་སྒྱོགས་ཆེན་མོ་
ལྕང་ལོ་མ་,དབྱིབས་ལན་བུ་
ལྡེམ་དགོངས་ཅན་བརྒྱད་,སྒྱུ་མ་དང་ནམ་མཁའ་
ལྡེའུ་,ལྡེ་གུ་
ལྷག་མ་དངོས་གཞི་ཕྱིར་བཅོས་,དེ་ནི་ཕལ་ཆེར་སྤོ་བའི་སྐབས་
ལྷའི་ཚོན་རིས་,ལྷ་ཡི་ཚོན་རིས་
ཤུ་བ་ཁ་བརྒྱ་,ཤ་རོ་ཤུ་བ་
ཤེས་རབ་ཀྱི་ལྷ་བཞི་བཅུ་,།དེ་དག་གི་ཐུགས་ཀར་རང་
ཤེས་རབ་ལྔ་,བཟོ་བྱི་ཤོ་
ཤོ་གདན་,  ཤོ་སྟན་
ཤོས་བུ་,བཤོས་བུ་
ཤྲི་ནཱ་ལེནྡྲ་,ནཱ་ལེནྡྲ་
ས་བཅུ་པོ་དག་ལ་བྱང་ཆུབ་སེམས་དཔའ་བཅུ་རྣམ་པར་གཞག་པ་བཅུ་,བྱང་ཆུབ་སེམས་དཔའ་ཕྱིར་མི་ལྡོག་པའི་ས་ལ་ཞུགས་པ་རྣམས་
ས་འདྲེ་བ་,སྤུ་ཁ་ས་མདོག་
ས་སྐྱ་,ཐལ་མདོག་
སངས་རྒྱས་,ང་མིན་ང་
སབ་མོ་,སབ་མ་
སེ་ཡབ་,མ་རུ་རྩེ་
སེང་གེའི་གདོང་,མེ་ཏོག་སེང་གེའི་ཁ་
སེམས་འཆི་མེད་ཀྱི་ཁྲིད་,ནཻ་གུ་ཆོས་དྲུག་སོགས་
སོ་སོ་སྤགས་པ་སློང་བའི་སྤང་ལྟུང་,ངོ་ཏི་དང་གསུམ་ནི་སྔར་སྤགས་པ་སློང་བ་,།ཡན་ལག་ལའང་གཞན་ཐམས་ཅད་སྔར་མ་
སོག་ཆུ་,ནག་ཆུ་
སྐྱེས་བུ་བྱེད་འབྲས་,དཔེར་ན་བྱ་རོག་གི་རྐང་པ་
སྒྱུ་མའི་དཔེ་བཅུ་གཉིས་,རགས་པའི་ལུས་སྤྲིན་
སྒྲུབ་གཤེན་,།བོན་གཤེན་
སྟན་གཅིག་,སྟན་ཐོག་གཅིག་
སྣ་ཐུག་,སྣ་རྟུག་
སྣ་རྒྱུག་གཞུས་པ་,སྣ་དབྱུག་གཞུས་པ་
སྣ་རྟུག་,སྣབས་
སྤངས་པ་སྟོབ་པའི་ལྟུང་བྱེད་,།གསུམ་པ་ནི་སྔར་སྤངས་ཟའི་སྐབས་
སྤུ་རིང་,ལུས་ལ་ཁབ་
སྤྱན་མཐོན་མཐིང་འདྲ་བའི་མཚན་བཟང་,སེམས་ཅན་ཐམས་ཅད་ལ་བུ་གཅིག་པ་
སྤྱོད་རྒྱུད་ཀྱི་ཐེག་པ་,ལྟ་བ་རྣལ་འབྱོར་རྒྱུད་,ལྟ་བ་རྣལ་འབྱོར་གྱི་རྒྱུད་,།སྤྱོད་པ་ནི་བྱ་རྒྱུད་
སྤྲིན་འཇའ་,འཇའི་ཁ་དོག་
སྦྲང་ལྷག་,སྦྲང་ལྷད་
སྨག་རུམ་,སྐར་མ་
སྨན་ལྟ་བུའི་སེམས་བསྐྱེད་,སྡུག་བསྔལ་བསྐྱེད་པས་ནད་
སྨུག་པོ་སྦལ་རྒྱབ་,བཅག་ཚེ་རྒྱ་ཚྭ་བཅག་པ་
སྨོན་ནས་མཁྱེན་པ་,འདི་ནི་མངོན་ཤེས་
སྨོན་ནས་ཤེས་པ་,འདི་ནི་མངོན་ཤེས་
སྨྱག་ཀ་,སྨྱན་ཀ་
སྲད་བུའི་མེ་ཏོག་ཅན་,དབྱིབས་སྲན་བུའི་མེ་ཏོག་
སློབ་དཔོན་,།སྤྱི་
སློབ་པའི་ལས་ཀྱི་འབྲས་བུའི་གྲངས་,།སློབ་པས་མི་སློབ་པ་སྐྱེད་པའང་དེ་
ཧོར་འདྲ་ཟ་རྐང་གི་ཞལ་ལྕེ་,ཧོར་དུས་ཀྱི་རྒྱལ་པོའི་མི་སྣ་
ཨ་ཕོ་ཧོར་,ཨ་པོ་ཧོར་
ཨུ་རྒྱན་ཕུན་ཚོགས་དགོན་,ལ་ལས་གཡུ་འབྲུག་འཁྱིལ་བ་
བྱང་ཆུབ་སེམས་ཀྱི་མན་ངག་རིན་པོ་ཆེ་སྒྲོན་མ་འབར་བའི་རྒྱུད་,ཐེག་པ་ཐུན་མོང་གི་ལམ་གྱི་གནས་སྐབས་ཀྱི་ཡོན་ཏན་མེ་ཏོག་
སྔགས་ཀྱི་ཐེམ་ཡིག་,།རྟག་ཕྱུང་མན་ངག་སྙིང་
མ་ཡིག་རིན་པོ་ཆེ་གདུང་བ་བཅད་པ་,གཟུགས་ཀྱི་ཕུང་པོ་སྙིང་མེད་རོ་
ཟབ་ལམ་བདེ་ཆེན་རྒྱ་མཚོ་,རྒྱབ་ཡིག་གསང་བ་སྙིང་
ཆོས་ཅན་མཚན་མར་སྣང་བའི་རང་བཞིན་རྣམས་ཆོས་ཉིད་མཚན་མ་མེད་པའི་ངང་དུ་སྣང༌བ་,དཔེར་ན་རྒྱལ་པོའི་ཕྲུག་གུ་རྒྱལ་པོ་ལས་ནོར་ཡང་ངོ་བོ་རྒྱལ་པོ་ལས་མ་གཡོས་པ་
རང་བྱུང་གི་ཡེ་ཤེས,མེ་ལོང་གི་ངོས་
གནད་མེད་སྡུག་སྒུར་གྱི་གཟེབ་,རྒྱུས་མེད་ལམ་ཁ་བྲག་ཏུ་འཁྱམས་པ་
ཐིག་ལེ་སྐོར་བཞི་,ཕྱི་སྐོར་ལུས་,ནང་སྐོར་མིག་,གསང་སྐོར་སྙིང་
ཚིག་རྒྱུད་སྡེ་ཚན་བཅུ་གཅིག་,།རྩེ་མོར་འབྱོངས་པའི་མཁར་
རྒྱུད་ཀྱི་སྣང་བ་གཏིང་རྫོགས་,།རྩེ་མོར་འབྱོངས་པའི་མཁར་
ངོ་བོ་ལྔ་,སྨིན་བྱེད་མེ་
ཟིལ་གྱིས་མི་ནོན་པ་སེང་གེ་ལྟ་བུའི་སྤྱོད་པ་,སེང་གེ་གང་ལའང་འཇིགས་པ་དང་བག་ཚ་བ་མེད་པ་
དཔལ་ལྡན་མི་གཡོ་བའི་གསོལ་འདེབས་,འཕྱོར་ངག་མེད་ཀྱང་བཟང་པོའི་གསེར་
གཡེངས་བྱེད་ཆེན་པོ་,།ཆོས་རྣམས་ཡེ་ནས་རླུང་
གཡེང་བྱེད་ཆེན་པོ་,།ཆོས་རྣམས་ཡེ་ནས་རླུང་
ནམ་མཁའ་སྣང་བྱེད་,།སྣང་སྲིད་ཐམས་ཅད་དེ་
ལུགས་ནས་བྱུང་བ་བཅུ་གཉིས་,།སྐྱེ་མཆེད་དྲུག་ནི་མཁར་
དམིགས་པ་ཕྲ་བའི་རང་རྒྱལ་,།སྐྱེ་མཆེད་དྲུག་ནི་མཁར་
སྒོམ་མེད་ཆུ་བོའི་རྒྱུན་གྱི་རྣལ་འབྱོར་,སྤྱོད་ལམ་ཐམས་ཅད་རང་བཞིན་གྱི་བསམ་གཏན་
སྤྲུལ་སྐུའི་བཞུགས་སྟངས,དཔེར་ན་དྲང་སྲོང་ཙོག་པུ་
གོལ་ས་གསུམ་,དུག་གསུམ་
བཤད་བརྒྱུད་བཞི་,ཕྱི་སྐོར་ལུས་,ནང་སྐོར་མིག་,གསང་སྐོར་སྙིང་
དོར་བ་མེད་པ་སྟོང་པ་ཉིད་ཀྱི་རྣམ་པའི་རྣམ་རྫོགས་སྦྱོར་བ་,སྒྲོད་པར་བྱེད་པའི་བྱང་ཆུབ་ཀྱི་ཕྱོགས་རྣམས་ནི་གཟིངས་
ལོངས་སྐུའི་མཚན་བཟང་སོ་གཉིས་,།རོ་སྟོད་འཕེལ་ཁ་ཆེ་བས་སེང་གེ་
མཐོང་ལམ་ལ་ཐོབ་པའི་ཤེས་པ་,ཇི་ལྟར་སྐྱེས་པ་རྣམས་
སྙིང་རྗེའི་བསྟོད་པ་,བར་དུ་སྤེལ་བ་ལ་ཆུ་
རཀྟ་བྱིན་རླབས་གཉིས་,གཞན་ཕལ་ཆེར་གོང་
ཕུར་པ་རྗོ་རྗེ་གཞོན་ནུ་,རྡོ་རྗེ་གཞོན་ནུ་རང་
བརྟེན་གཏོར་,ལྷ་མོ་ལ་དེ་
སྒྲོལ་མ་མྱུར་མ་དཔའ་མོ་,།སྤྱན་ནི་སྐད་ཅིག་གློག་
གནས་དབྱུང་བདུན་,དགེ་སློང་མ་རྣམས་,།དགེ་སློང་མ་རྣམས་
རིག་སྒྲ་མ་ངེས་པའི་དཔེ་དོན་འགོག་པའི་རིགས་པ་,གསལ་བ་ཞིག་ཀྱང་དེ་ལ་བརྟེན་པའི་རིགས་མི་འཇིག་པ་
རིགས་པའི་རྩོད་པར་ལན་འདེབས་ཚུལ་གཉིས་,དེ་སྒྲུབ་པའི་ཕྱིར་གཞན་བཀོད་ཀྱང་དེ་
ཡང་དག་པའི་བླངས་པའི་ལས་བྱུང་བའི་གཟུགས་,།བསམ་གཏན་དང་ཟག་མེད་ཀྱི་སྡོམ་པའང་བླངས་པ་
གཤེད་དམར་ཆག་ལོ་ཙཱ་བའི་སྲོལ་,ལྷ་ལྔ་མ་གཡུང་ཕུག་པ་ནས་བརྒྱུད་པ་
པདྨ་དཀར་པོ་ལྟ་བུའི་གང་ཟག་,དེ་ལྟ་བས་ན་པདྨ་དཀར་པོ་
ཀུན་གཞི་རྩ་རྒྱུད་,ཤིང་སྡོང་གི་རྩ་བ་
མར་མེ་གསོ་བའི་མན་ངག་གི་གནད་བརྒྱད་,།ཐེངས་གཅིག་ལ་ལོག་ན་རྟ་གདོང་འདྲོག་ཅན་
མར་མེ་གསོ་བའི་ཁམས་ཚོད་གཟུང་བའི་མན་ངག་,།ཐེངས་གཅིག་ལོག་ན་རྟ་གདོང་འདྲོག་ཅན་
མཛོད་སྤུ་སྐྲ་དཀར་གྱི་ས་བོན་,བསམ་གཏན་གྱི་ཡན་ལག་དགུ་སྔར་
སྲོག་ནས་བཏང་བའི་རླུང་གི་མན་ངག་,།དེ་ནི་རྐུན་མ་སྒོར་འདོན་པ་
ཀྱེ་རྡོར་ལམ་དུས་ཀྱི་དབང་བསྡུས་པ་,ཐོག་མར་མཆོད་པ་དང་གསོལ་བ་གདབ་པ་སྔ་མ་
སྦྱོར་ལམ་དྲོད་ཀྱི་མངོན་རྟོགས་,གཞལ་ཡས་ཁང་བསྐྱེད་པའི་བར་སྔ་མ་
རླུང་ལམ་དུ་མ་ཚུད་པ་,རྟ་རྒོད་ལམ་དུ་མ་ཚུད་པ་
ཐིག་ལེ་སྲུང་ཚུལ་གསུམ་,།གཉིས་པ་ལུས་བཅོས་པ་སྔར་
འཁྲུལ་འཁོར་ཞགས་པ་གཉིས་,ལག་གཉིས་གཞག་པ་དང་པོ་
གསང་དབང་གི་རྟོགས་པ་བཅུ་དྲུག་,དཔེ་ཞིང་ས་གཤིན་པོ་ལ་ས་བོན་བཏབ་པ་
དབང་སྐུར་ཚུལ་བཞི་,བཅོམ་ལྡན་འདས་ཀྱི་ཞལ་
ལུས་རྣམ་སྣང་ཆོས་བདུན་,ཁང་པ་བརྩིགས་པའི་འགྲམ་གཞི་
ཁམས་འདུས་པ་གསུམ་གྱི་ས་མཚམས་,དཔེ་དགུན་གྱི་རླུང་པོ་ལག་ཆ་ཅན་
འཁོར་བའི་ཉེས་དམིགས་ཐོས་ནས་ཐོབ་པའི་སེམས་བསྐྱེད་,སྡུག་བསྔལ་ཅན་གྱི་འཁོར་བ་འདི་གསོས་དུ་མེད་པའི་ནད་པ་
འཆི་བ་འོད་གསལ་ཆོས་སྐུའི་རྟེན་གྱི་འཕོ་བ་,གཉིས་པ་དང་གསུམ་པའི་འཕོ་ཚུལ་ཡང་བཞི་པ་
རྒྱུད་སྡེའི་གྲངས་ཀ་,སངས་རྒྱས་ཐོད་པར་ཡང་དེ་
སྙིང་པོ་ཡེ་ཤེས་རླུང་,དེའང་ཀུན་ཏུ་སྣང་བ་གསུམ་
རིམ་གཉིས་སྒོམ་པའི་དགོས་པའི་རིམ་པ་,ཐུན་བཞི་ལ་རྣལ་འབྱོར་བསྒོམ་པའང་ཚུལ་དེ་
དགང་གཟར་བླུགས་,ཁ་དོག་དང་མཚན་མ་ཐབ་
རྣལ་འབྱོར་རྒྱུད་ཀྱི་རྣལ་འབྱོར་,རང་གི་དམ་ཚིག་ལ་གནས་པས་གཟུགས་བརྙན་
རྡོ་རྗེ་སློབ་དཔོན་གྱི་དབང་གི་སྔོན་འགྲོ་,ལམ་མཉམ་རྗེས་བར་ཆད་མེད་པར་འཁོར་བས་འཁོར་ལོ་
ནང་གི་འཕོ་བ་,ལུས་ལ་རྒྱུ་སྐར་
ཀུན་གཞི་རྒྱུ་རྒྱུད་ཀྱི་དོན་བདུན་,ཐབས་ཀྱི་རྐྱེན་དང་ཕྲད་ན་ལོ་མ་
བསམ་གཏན་གྱི་ཡན་ལག་སྦྱང་བ་གསུམ་,།དེ་ནི་རྟ་སྦྱང་ཁུགས་བྱེད་པ་
བསམ་གཏན་གྱི་ཡན་ལག་གནད་ལ་དབབ་པ་གསུམ་,ཁང་པའི་ནང་གི་མི་གཙང་བ་ཕྱག་དར་བྱེད་པ་
ཀྱེ་རྡོར་དབང་གི་སྦྱིན་སྲེག་གི་ཐབ་,།ཐབ་ནང་གི་པདྨ་འདབ་མ་བརྒྱད་ཞི་བ་
ཀུརྨ་ཡི་འཁྲུལ་འཁོར་,འཁྲུལ་འཁོར་ཐམས་ཅད་དེ་
ཀྱེ་རྡོར་གཏོར་མ་མདུན་བསྐྱེད་དང་འབྲེལ་ནས་འབུལ་ཚུལ་གཉིས་,།སྤྱན་འདྲེན་རྒྱས་བཏབ་རྣམས་གོང་གི་འཇིག་རྟེན་པའི་སྐབས་
ཀྱེ་རྡོ་རྗེའི་སྲུང་འཁོར་དམོད་བཟློག་གི་དམིགས་རྣམ་,རྗེ་ས་ཆེན་གྱིས་བདག་ཉིད་ཀྱི་ཐུགས་ཀ་ནས་ཁྲོ་བོ་རང་
ལམ་ཁྲིད་ལུགས་གསུམ་དང་བགྲོད་ལུགས་གཉིས་,དང་པོ་ལམ་ཁྲིད་ལུགས་གསུམ་ནི་དེད་དཔོན་
རླུང་རྩོལ་བ་བཀག་སྟེ་སྲོག་ནས་དགང་བའི་ཉམས་ལེན་,ཁམས་ཚོད་བཟུང་བ་ལ་སོགས་པ་མན་ངག་ཐམས་ཅད་སྔར་
བདུད་རྩི་ལྔ་སྟོབས་འཕེལ་བའི་ཉམས་,རཀྟ་སྟོབས་འཕེལ་ཏེ་གཞིར་གནས་
ཤེར་དབང་གི་སའི་རིང་རྒྱུ་གཉིས་,མཇུག་སྡུད་བསྟན་པ་བཞི་སྔ་མ་
ལམ་དུས་སུ་དབང་བསྡུས་པ་ལེན་པ་,མཆོད་ཅིང་གསོལ་བ་གདབ་པ་རྒྱས་པ་
གཏུམ་མོའི་རྣལ་འབྱོར་གྱི་སྔོན་འགྲོ་གནད་ལ་དབབ་པ་གསུམ་,སྐྱིལ་དཀྲུང་ངམ་ཙོག་པུ་གང་བདེར་བྱ་ཁང་པ་བརྩིགས་པའི་འགྲམ་
ཐིག་ལེའི་རྣལ་འབྱོར་,ལམ་སྦྱང་བ་ལ་སོགས་པ་སྔར་
འཁོར་ལོ་ལ་བརྟེན་པ་གསུམ་,ལམ་སྦྱང་བ་ལ་སོགས་པ་སྔར་,ལམ་སྦྱང་བ་ལ་སོགས་པ་སྔར་,ལམ་སྦྱང་བ་ལ་སོགས་པ་སྔར་
ལུས་ཐབས་རྒྱུད་ཀྱི་གཞུང་ཚོམ་བུ་ལྔ་,ད་ནི་ཞིང་ས་སྦྱངས་པ་དང་རྐྱེན་ཆུ་ལུད་
བསམ་གཏན་གྱི་བདུད་རྩི་བསྟེན་པ་བདུན་,འདིར་བསྒོམ་ཟད་པ་བྱ་བ་རྟ་རྗུད་གསོ་བ་
བསམ་གཏན་གྱི་སྔོན་འགྲོ་ཡན་ལག་དགུ་,།དེ་ནི་ཁང་པའི་ནང་གི་ཕྱགས་དར་བྱེད་པ་
ཁམས་འདུས་པ་དང་པོའི་ས་མཚམས་,དཔེ་དགུན་གྱི་རླུང་པོ་ལག་ཆ་ཅན་
དགང་གཟར་བླུག་འབྲིང་པོ་,བླུག་གཟར་བ་ཡི་མིག་
ལམ་འབྲས་བླ་བརྒྱུད་ཀུན་བཟང་དབང་བཞིའི་བརྒྱུད་པ་,མཛད་པ་པོ་ནས་ངག་དབང་བློ་གྲོས་སྙིང་པོ་སོགས་གོང་
འཇམ་དཔལ་སྨྲ་སེང་གི་རྗེས་གནང་གི་བརྒྱུད་པ་,།བྲང་ཏི་པཎ་ཆེན་ནམ་མཁའ་བསམ་འགྲུབ་བར་གོང་
ཕྱག་རྡོར་འཁོར་ཆེན་གྱི་རྗེས་གནང་ཟུར་བཀའི་བརྒྱུད་པ་,རྩ་སྔགས་སམ་ཕྲེང་སྔགས་སུ་གྲགས་པ་འགྲོལ་བཅས་གོང་
ཇོ་བོ་རྗེའི་ལུགས་ཀྱི་སྒྲོལ་མ་ཉེར་གཅིག་གི་རྗེས་གནང་གི་བརྒྱུད་པ་,རྩ་བ་སེང་ལྡེང་ནགས་སྒྲོལ་ལྷ་སྔགས་བསྟོད་པ་རྣམས་ཡིག་རྙིང་སྟེ་གོང་
ས་ལུགས་རྟེན་འབྲེལ་སྲུང་བའི་བྱིན་རླབས་ཀྱི་བརྒྱུད་པ་,རྟེན་འབྲེལ་སྲུང་བ་རྗེ་ས་ཆེན་གྱིས་གསུང་གཉིས་གོང་
ས་ལུགས་རི་ཁྲོད་མ་སེར་མོའི་རྗེས་གནང་གི་བརྒྱུད་པ་,སྒྲུབ་ཐབས་རྗེས་གནང་བཅས་ཐར་པཎ་གྱིས་མཛད་པ་རྗེས་གནང་
ཕྱག་རྡོར་ཉི་མ་མདུང་གང་མའི་རྗེས་གནང་གི་བརྒྱུད་པ་,རྗེས་གནང་པདྨ་གར་དབང་གིས་གསུང་དག་གོང་རྗེས་གནང་
ས་སྐྱའི་གསེར་ཆོས་ཁྱུང་ནག་གི་རྗེས་གནང་གི་བརྒྱུད་པ་,བརྒྱུད་འདེབས་ངག་དབང་ལེགས་གྲུབ་ཀྱིས་མཛད་པ་བཅས་གོང་
ས་སྐྱའི་གསེར་ཆོས་ཀུ་རུ་ཀུལླེའི་རྗེས་གནང་གི་བརྒྱུད་པ་,རྗེས་གནང་བཅས་དཀོན་མཆོག་ལྷུན་གྲུབ་ཀྱིས་མཛད་པ་རྣམས་གོང་
པུ་ཏྲ་མིང་སྲིང་གི་རྗེས་གནང་གི་བརྒྱུད་པ་,སྔགས་འཆང་ཆེན་པོའི་གསུང་སྟེང་ནས་གསན་པའང་འདི་
མགོན་པོའི་སྙན་བརྒྱུད་བཞི་,མན་ངག་གསེར་འགྱུར་གྱི་རྩི་
ལྷ་མིན་གྱི་གོ་ཆ་འཇོམས་བྱེད་རྡོ་རྗེ་དང་འདྲ་བའི་སྟོབས,དེ་ཡང་སྟོབས་དང་པོ་དྲུག་པོ་དེ་བརྒྱ་བྱིན་གྱི་རྡོ་རྗེ་
གཞན་གྱི་རྒྱུད་སྨིན་པར་བྱེད་པ་བསྡུ་བ་བཞི་,སྦྱིན་པ་ནི་སྔར་ཕར་ཕྱིན་གྱི་སྐབས་སུ་བཤད་པ་
དགག་པ་བདུན་,།གཞན་པ་ཉིད་
གཞི་ཤེས་ཀྱི་རྣམ་པ་ཉེར་བདུན་,ཀུན་འབྱུང་དོན་དམ་པར་ནམ་མཁའ་
འདྲེན་པར་བྱེད་པ་གསུམ་,སྣ་སེལ་(ཚ་བ་)གསུམ་
གྲུགས་པ་བཅིང་ཞིང་ཕུག་པའི་ཆུ་སེར་དྲང་,གཞན་ཆག་པ་འཆིང་བ་ནི་བཅིང་ལུགས་གཞན་མ་
ལྡད་ཆུ་བསླང་,ཤེ་རུལ་ལམ་རྣག་
མཐོང་སྤང་གློ་བུར་བ་,ཤིང་གི་འབྲས་བུ་
རྣམ་སྨིན་གྱི་ཡོན་ཏན་སུམ་ཅུ་རྩ་གཉིས་,བསམ་པ་གཡོ་སྒྱུ་མེད་པས་རྫི་མ་ཁྱུ་མཆོག་
དྲོད་རྩེ་སྦྱོར་ཐོབ་པའི་རྟགས་བཅུ་གཉིས་,རྨི་ལམ་ན་ཡང་ཆོས་ཐམས་ཅད་རྨི་ལམ་སོགས་
ཕྱིར་མི་འོང་ལ་ཞུགས་པ་,།དབྱེ་བ་ཕྱིར་འོང་
འཇུག་པ་གཟུང་རྟོག་,མཐོང་སྤང་ཉོན་མོངས་པ་
མཐོང་ཆོས་འབྲས་བུ་ཅན་གྱི་ལས་,དེ་མྱ་ངན་ལས་འདས་པ་སླར་ལོག་པ་
དཀར་གནག་ལ་སོགས་པའི་ལས་བཞི་,རྒྱུད་གཅིག་ལ་ཉོན་མོངས་པ་,རྒྱུད་གཅིག་ལ་སྡུག་བསྔལ་
དཀོན་མཆོག་གི་སྒྲ་དོན་,ཡིད་བཞིན་གྱི་ནོར་བུ་
ཤིང་གིས་འཕོངས་པའི་གང་ཟག་,དཔེར་ན་ནོར་མེད་པའི་མི་
དེ་བཞིན་གཤེགས་པའི་སྙིང་པོ་སྤངས་པའི་ཉེས་དམིགས་,དཔེར་ན་བའི་འོ་མ་ཞིམ་པ་བཞིན་དུ་མདོ་འདིའི་རོ་ཡང་དེ་
བེམ་པོའི་རླུང་གསལ་བའི་རླུང་དུ་བསྒྱུར་བའི་གཏུམ་མོ་,རླུང་བཟུང་བ་དང་འབར་འཛག་སོགས་གཞན་རྩ་བའི་གཏུམ་མོ་
དྲིལ་བུ་གསུང་གི་དམ་ཚིག་,མཁའ་མཉམ་ཞེས་པ་ནི་ནམ་མཁའ་
མོས་པ་དྲུག་,ཕལ་ཆེར་དེ་ཉིད་
རིགས་མཐུན་བསྡུ་ཚུལ་,སོར་སྡུད་ནི་སྔར་,དང་པོ་གསུམ་པོ་སྔ་མ་,ཕྱི་མ་ཕྱི་མ་སྔར་
དགེ་ཚུལ་གྱི་སྒྲ་བཤད་,མིག་མཆི་མས་གང་བ་,ཐག་རིང་བ་མི་མཐོང་བ་
མཆོད་བརྗོད་ཡུལ་དུ་གྱུར་པའི་སྙིང་རྗེ་,དེ་བཞག་པ་ལས་ཐ་མར་གལ་ཆེ་བ་སྨིན་པ་,དེ་ལྟར་བྱས་ན་ཐོག་མར་གལ་ཆེ་བ་ས་བོན་
འདྲེས་མའམ་འདྲེས་མའི་ལས་,རྒྱུད་ཀྱིས་སྒོ་ནས་མི་དགེ་
ལས་ཀྱི་རྟེན་འབྲེལ་,མེ་ཏོག་སྟེ་གསུམ་
གཟུང་ཡུལ་,འདིར་དོན་དེ་
བྱིས་པའི་བློ་,འཕགས་པ་མིག་
འདྲ་བ་རྒྱུ་མཚན་དུ་བྱས་པའི་བཏགས་མིང་,མིང་ཅན་ཆོས་ཤིག་རང་གི་དོ་ཟླ་གཞན་ཞིག་
ངོམ་ཚ་སྒང་སྒྱོགས་དགོང་དགོན་,སྔགས་ཕྱོགས་དགེ་དགོན་སྤྱི་
ཐེག་པ་ཆེན་པོའི་རྣམ་གཞག་,།དེ་དག་ནི་དཔེ་དེ་དག་
དམྱལ་བ་དག་གི་ཚེ་,།འདོད་པའི་ལྷ་
རྒྱུན་ཞུགས་མིའི་རིགས་ནས་རིགས་སྐྱེས་,མ་མཐའི་ས་མཚམས་འབྲས་གནས་ཁྱད་པར་ཅན་
རྨེ་རུ་བསམ་གྲུབ་དགོན་,ཆོས་སྤྱོད་སོགས་དཀྱིལ་མཁར་
ལུས་འཕགས་གླིང་,།ངོས་གསུམ་འདི་
སྤོམ་མདའ་གསང་སྔགས་བདེ་ཆེན་,སྔགས་ཆོག་དབུས་ཀྱི་རྒྱུད་སྨད་
རྒྱལ་པོས་གཞོན་ནུའི་སྤང་བ་བྱིན་པ་,རབ་བྱུང་རྣམས་ལ་རྒྱལ་བུ་གཞོན་ནུ་
འཁོར་བ་སྤྱིའི་ཉེས་དམིགས་དགུ་,ཐར་བ་དཀའ་བ་དོང་ནང་གི་བཙོན་པ་,སྡུག་བསྔལ་ཚིམ་པ་མེད་པ་ཟ་ཕྲུག་,བདེ་བའི་སྐབས་མེད་ནད་པའི་མལ་ས་,བརྟག་ན་སྙིང་པོ་མེད་པ་ཆུ་ཤིང་,ལས་ལ་ཟིན་པ་མེད་ཆུའི་གཉེར་མ་
འཁོར་བའི་ཉེས་དམིགས་བཅུ་,བདེ་བའི་སྐབས་མེད་ནད་པའི་མལ་,ཐར་པ་དཀའ་བ་དོང་ཆུ་བཙོན་
བྲུ་ཆེན་ནམ་མཁའ་གཡུང་དྲུང་,སྟོང་རྒྱུང་མཐུ་ཆེན་དངོས་
ནང་རྩའི་སྟོང་ར་,མདོར་ན་རྩ་ནི་ཡུར་བ་
མངོན་མཚན་ཅན་,ཟེར་བ་དེ་
འདྲུབས་པ་,ནག་པའི་རྨ་
རམ་ཕྱིས་,རམ་པྱིས་
འགྲོ་བ་རིས་དྲུག་,འགྲོ་བ་རིགས་དྲུག་
འགྲོ་བ་རིས་ལྔ་,འགྲོ་བ་རིགས་ལྔ་
འཆིང་ཤིང་,ལོ་མ་ཤུ་དག་
འཇིག་པའི་ཆོས་ཉིད་ཅན་,འཇིག་པའི་ཆོས་ཅན་
འཇིག་རྟེནད་,འཇིག་རྟེན་
འཇུངས་པ་ཆན་,འཇུངས་པ་ཅན་
འཐམས་མྱེད་པའ་,འཐམས་མེད་པ་
འདབ་ཆགས་པ་,འདབས་ཆགས་པ་
འདའ་ག་,འདའ་ཀ་
འདའས་པ་,འདའས་
འདུ་གསུམ་པ་,འདུ་ཤེས་གསུམ་པ་
འདུ་འཛིའ་,འདུ་འཛི་
འདུན་ཙ་,འདུན་ཁང་
འདོ་ལེ་,མདོ་ལི་
འདོང་བྱེད་,འདེང་མཁན་
འདྲའ་བ་,འདྲ་བ་
འདྲུམ་པ་,འདྲུམས་པ་
འདྲོན་ཕོ་,འདྲོན་པོ་
འཔེལ་བ་,འཔེལ་
འཕྱིང་པ་,ཕྱིང་བ་
འཕྱེན་བཏང་བ་,ཕྱེན་བཏང་བ་
འཕྲལ་རྩེ་གསུམ་,གདུང་རྩེ་གསུམ་
འཕྲས་ཏེ་ཉལ་,ཕྲས་ཏེ་ཉལ་བ་
འཕྲིན་ཞིག་,ཕྲིན་ཡིག་
འབེལ་བའི་གཏམ་,འབེལ་གཏམ་
འབེལ་བོ་,འབེལ་བ་
འབོ་དོ་ཙི་,བོ་དེ་ཙི་
འབྲས་ཐབས་,འབྲས་ནད་
འབྲུ་འབྲེལ་,འབྲུ་འགྲེལ་
འཙལ་,བཙལད་
འཙལད་,བཙལད་
འཚལད་མའ་འཚལ་,འཚལ་མ་འཚལ་
འཛུར་ཕ་,འཛུར་
འཛེན་པོ་,མཛན་པོ་
འུམ་བུ་,འོམ་བུ་
འོ་བཟེ་པ་,འོ་བཟེ་
འོ་བརྒྱལ་པ་,འོ་རྒྱལ་པ་
འོ་མ་རྐྱན་བུ་གང་ལ་དམ་སེལ་ཁྲག་གི་ཐིགས་པ་ལྷ་ཉེ་,དེ་སྔོན་ཕན་ཚུན་མཐུན་སྒྲིལ་ཡོད་པ་འོ་མ་བུམ་པ་གང་
འོག་གཟུར་,འོག་གཟུ་
ཡ་ཕུབས་,ཡ་ཕུབ་
ཡ་ཟ་མ་ལུགས་,ཡ་ཟ་མ་ལུག་
ཡག་མོ་,ཡག་པོ་
ཡན་ལག་ཟུག་རྔུ་བརྟག་པའི་བྲ་བོ་འདྲ་བ་,རྩེ་མོ་ཟུར་གསུམ་པ་གཟུགས་དབྱིབས་བྲ་བོ་
ཡར་ཁྱེན་,ཡར་ཀན་
ཡི་ག་འཆུས་པ་,ཡི་ག་འཆུ་བ་
ཡི་བིས་,ཡ་བི་
ཡི་འཆུས་པ་,ཡི་ག་འཆུ་བ་
ཡིད་བཞིན་གྱི་མཚོ་,ཡིད་བཞིན་རྒྱ་མཚོ་
ཡིད་འགྱུར་གྱི་མྱོང་བ་,ཡིད་འགྱུར་གྱི་མྱོང་བ་
ཡིད་ལ་མནགས་པ་,ཡིད་ལ་བརྣགས་པ་
ཡིད་སྦྱར་,ཡིད་འབྱོར་པ་
ཡུགས་ས་མ་,ཡུག་ཟ་མ་
ཡུམ་གྱི་བྷ་ག་,ཡུམ་གྱི་པདྨ་
ཡུལ་བཟུང་,ཡུལ་གཟུང་
ཡོང་ཁར་བ་,ཡོན་ཁར་
ཡོན་དབུལ་བ་,ཡོན་ཏུ་དབུལ་བ་
ཡོལ་མོ་,ཡོལ་གོ་
ཡོལ་སྒོ་,ཡོལ་གོ་
ར་ཕོད་,ར་སྐྱེས་
རག་ལུས་པ་,རག་ལས་པ་
རད་རུད་,རད་རོད་
རལ་ཚོགས་,རལ་ཅོག་
རི་བྱ་དེ་ཕོ་,ཁྱིམ་བྱ་དེ་ཕོ་
རིག་པ་བརྟུལ་ཞུགས་ཀྱི་སྤྱོད་པ་,སྤྱོད་པ་གསུམ་ལ་སྦྱར་ནས་གོང་
རུ་མཚན་,རུ་མཙན་
རེག་གཟིགས་,རེག་ཟིག་
རེག་ཅིང་བརྩལ་བ་,རེག་ཅིང་རྩོལ་བ་
རེད་པ་,རྐྱེན་གཞན་
རོད་སྙིས་པ་,རོད་ཉམས་པ་
རྐས་,བཀས་
མྱིའམ་ཇི་,མྱིའམ་ཅི་
མྱེན་ལིང་,མན་ཙི་
མྱེས་ཕོ་,མྱེས་པོ་
མྱོང་བ་ཐན་ཐུན་,མྱོང་བ་སྣེ་ཟིན་
མྱོས་ཆུང་,མྱོག་
ཙི་ཚུག་,ཅི་ཙུག་
ཙུམ་པན་,ཙུན་པ་
ཙོར་ལོ་,ཙོར་མོ་
ཚད་མྱེད་པ་,ཚད་མྱེད་
ཚིགས་པ་བརྒྱ་བ་,འདི་དཀར་སྔོ་དག་
ཚུན་ཆོད་,ཚུན་ཆད་
ཚུན་ཚད་,ཚུན་ཅད་
ཚུར་གཤེགས་པ་,ཚུར་ཤེག་
ཚུས་བགྱིས་,ཚས་བགྱིས་
ཚེ་གུ་,ཙི་གུ་
ཚེ་བླ་སྲོག་གསུམ་,མར་མེའི་མར་ཁུ་
ཚེ་འདའས་,ཚེ་འདའ་
ཚེར་གཟུང་,ཚེར་ཟུངས་
ཛྷེཀྵཾ་,མདོག་གསེར་
ཝེན་ཁྲེན་ཀོང་ཇོ་,ཝུན་ཤིང་ཀོང་ཇོ་
ཞ་སྔ་ནས་,ཞ་ངས་ནས་
ཞགས་ཐིག་,ཞགས་པ་
ཞང་ལོན་ཆེད་ཕོ་,ཞང་བློན་ཆེད་པོ་
ཞང་སློ་,ཞང་ལོན་
ཞམ་ཞར་,ཞོར་
ཞལ་ཆུ་,ཞལ་ཅུ་
ཞལ་སྐྱེམ་,ཞལ་སྐྱེམས་
ཞིབ་ཤིང་བ་,རྩ་བ་ཤིང་
ཞིམ་ཐིག་ཆུང་སྔོན་,ལོ་མ་རི་བོང་གི་རྣ་བ་
ཞེ་ཁམས་,ཞེ་ཁམ་པ་
ཞེ་ཁམས་ཕའ་,ཞེ་ཁམ་པ་
ཟ་ཁུ་ཁ་ཆུ་འདྲ་བ་,གཅིན་འབྱུང་བ་ཁུ་ཆུ་
ཟ་ཁུ་ནས་ཚིག་འདྲ་བ་,དྲོ་རོ་རེག་པ་ཡང་དེ་
ཟ་ཁུ་བཙོད་ཁུ་འདྲ་བ་,གཅིན་གྱི་མདོག་བཙོད་ཁུ་
ཟག་མྱེད་,ཟག་པ་མྱེད་པ་
ཟངས་ཐུར་བྲ་བོ་,རྩེ་མོ་བྲ་བོ་
ཟད་མྱི་ཤེས་ཕའ་,ཟད་མྱི་ཤེས་པ་
ཟའ་བོག་,ཟ་འོག་
ཟས་བརྣོགས་པ་,ཟས་རྣོག་པ་
ཟས་སྦག་,ཟས་སྤགས་
ཟུང་དུ་འཇུག་,ཟུང་འཇུག་
ཟྭ་ཡི་ཕྱི་མོ་,དབྱིབས་ཟྭ་
ཟླ་བའི་རི་མོ་,ལོ་མ་ཟླ་བ་ཕྱེད་པ་
འཁོར་འདས་དབྱིངས་ལས་མ་གཡོས་པ་བཅུ་,སྒྱུ་མ་མཁན་རབ་ཏུ་བཟང་པོའི་སྤྲུལ་པ་
འཁྲང་གྱུར་,མཁྲང་འགྱུར་
འཁྲང་འགྱུར་,མཁྲང་འགྱུར་
འགོག་ནན་,མགོ་ནན་
འགོམ་དགོན་གསར་,རིག་གསར་སྐབས་སྤྱི་
དཀུ་འཕེལ་,དཀུ་འབེལ་
དགོན་པ་བའི་སྤང་པ་,དགོན་པ་བའི་འབྲལ་སྤང་
དགྲ་ཡི་ཆད་,དགྲ་ཡི་ཅད་
དངོའ་,དངོ་
བཀའ་འཕྲིང་,བཀའ་ཕྲིན་
བཀྱིལ་པ་,བཀྱི་པ་
བགམས་པ་,བགམ་པ་
མཁར་ལེན་,མཁར་ལན་
མཁྲིས་པ་མདོག་གསལ་ནད་དུ་གྱུར་པ་,མཁྲིས་ནད་དེ་དག་རླུང་ལྔ་པོ་གང་རུང་
མཆིལ་མའ་,མཆིལ་མ་
མཆོད་པའི་སྤྲིན་,མཆོད་སྤྲིན་
ཀོང་ཅོ་,ཀོང་ཇོ་
ཀོར་ཙེ་,ཀོར་ཚེ་
ཀྱལ་,ཀྱལ་ཀ་
ཀྱོ་རང་,ཀྱོ་
ཀླ་མ་མོ་,ཀླ་མ་
ཀློང་ཐང་སྒྲོན་མ་ལྷ་ཁང་,ཀློང་ཐང་སྒྲོལ་མ་ལྷ་ཁང་
ཁ་མྱེད་,ཁ་མེད་
ཁ་འཛིནད་,ཁ་འཛིན་པ་
ཁ་སླེ་,ཁ་སླེ་ཡོན་
ཁྱད་ཞུགས་,ཁྱད་ཞུགས་པ་
ཁྱི་སྣ་,ཁྱིའི་སྣ་
ཁྱོག་བཤད་,འཁྱོག་བཤད་
ཁྲལད་སྩང་,ཁྲལ་སྩལ་
ཁྲི་འདུས་སྲོང་,ཁྲི་འདུ་སྲོང་
ཁྲིམས་ཀྱི་ལ་རྩེ་ནི་དགུང་པས་མཐོ་,ཁྲིམས་ལུགས་དེ་རི་བོ་མཐོན་པོ་ཞིག་
ཁྲིའུ་ཚེ་,ཁྲེའུ་ཚེ་
ཁྲུས་འཆལ་,ཁྲུས་ཆལ་
ག་ཕུར་,ག་པུར་
གཅལད་,གཅལ་
གཉད་ནད་འབར་འབུར་,ངོ་བོ་གཉན་རིམས་སྤྱི་
གཉའ་བཟུང་རྒྱུད་མོ་,གཉའ་ཟུངས་རྒྱུད་མོ་
གཉིད་ལྗི་པོ་,གཉིད་ལྕི་པོ་
གཉུག་ལུས་,གཉུག་མའི་ལུས་
གཏད་པ་བཞི་,གཏད་ས་བཞི་
གཏའ་གཉིས་རི་བ་,གཏའ་ཉི་རི་
གཏར་ཀའ་,གཏར་ཀ་
གཏུ་ལུམ་པ་,གཏུ་ལུམ་
གཐང་བ་,གཐང་
གཐད་པ་,གཏད་
གཐོགས་པ་,གཐོགས་
ཀཀྞི་སྒོ་བཞི་,ཀརྞི་སྒོ་བཞི་
ཁ་ཟིན་,ཁ་འཛིན་
ཁ་ར་མཉྫ་རཱི་,བོང་བུའི་རྣ་བ་
ཁམས་དམར་ཆའི་དྭངས་མ་,དཔེར་ན་རྒོད་མ་ཁའི་མེ་
དཔག་ཏུ་མྱེད་ཕ་,དཔག་ཏུ་མྱེད་
དཔེ་དོན་ངེས་པའི་འདྲ་གཞིའི་དཔེ་ཉིས་ཚན་བཅོ་ལྔ་,རིག་པ་ཆུ་དང་འདྲ་བའི་རྩལ་ལས་སེམས་ཆུ་ལྦུར་
དམིགས་ཕྱེ་བ་,དམིགས་འབྱེད་པ་
དམིགས་ཕྱེད་པ་,དམིགས་འབྱེད་པ་
དམྱལ་བ་མནར་མེད་,།འདོད་པའི་ལྷ་
པན་ཆད་,པན་ཅད་
ཀ་ལིའི་ལྷ་ཐང་,རྨ་ཀ་ལིའི་ཐང་
ཨ་ཡུ་དེལ་,རྨ་ཨ་ཝི་དེལ་
ཀུནྡའི་རང་བཞིན་,མེ་ཏོག་ཀུནྡའི་མདོག་
ཀླུང་སྒོག་ཀེ་ཛི་,།ལོ་མ་སྒོག་སྐྱ་དག་
ཁྱད་དུ་བསད་,ཁྱད་གསོད་
གཉན་ནད་འབར་འབུར་,ངོ་བོ་གཉན་རིམས་སྤྱི་
གཙགས་བུ་ཆུ་གྲི་འདྲ་བ་,དབྱིབས་ཆུ་གྲིའམ་སྤུ་གྲི་
གཞན་དབང་སྔོན་ལས་ཀྱི་ནད་,།དཔེར་ན་རྐོན་པ་ནང་གི་བྱ་,།དཔེར་ན་རྒྱུ་མ་ཕུག་པའི་མི་
གཞུ་ཤུལ་བཏང་འདྲ་,གཞུ་ལ་བཤུལ་གཏོད་པ་
གྲང་ཆུ་མེ་ཏོག་མེད་ན་,སྤྱིར་གྲང་ཆུ་ལ་མེ་ཏོག་
གྲེས་མའི་གེ་སར་,།རྩ་བ་ཉེ་ཤིང་པ་
ཅོང་ཞི་དྲག་པོ་,ཅོང་ཞི་རྒོད་བཏུལ་
དན་རོ་,གང་བུ་གོང་
དྲི་ཆུ་ཚོགས་པ་ཆད་འདྲ་,སྔོ་ཚོད་ཁུ་དྭངས་འབྱེད་པ་
ན་གརྫུ་,སྲིད་སྒྲུབ་
བུར་ཤིང༌,ཟོས་ན་བུ་རམ་
མཁལ་གསང་,མཁལ་མའི་གསང་
མེ་ཏོག་སེར་ཆེན་,།སྡོང་པོ་དཔལ་གང་པ་
ཛྷཻ་ཀྵིམ་,མདོག་གསེར་
ཟ་ཁུ་སྣག་ཚ་འདྲ་བ་,གཅིན་གྱི་མདོག་སྣག་ཚ་
ཟངས་ཐལ་,ཟང་ཐལ་
འདྲེ་ཤ་མང་,།རྟགས་
རིམས་ནད་རྩ་བྱེད་,རིམས་ཀྱི་ན་ལུགས་
རྒྱམ་ཚྭའི་ཐང་,རྒྱམ་ཚྭ་གསུམ་
རྨ་རེད་,ནད་
ལེབ་ཏོ་,ལེབ་མོ་
ལྦུ་བ་མཆིལ་མ་འདྲ་,ལྦུ་བ་མཆིལ་མ་
ཤ་འདོན་,དམར་འདོན་
ཤན་ཤན་,གཞན་
སུ་རུ་ཙནྡན་,ཨར་དམར་
བསམ་གྱིས་མི་ཁྱབ་པའི་ཡོན་ཏན་,།ཆོས་རྣམས་ཐམས་ཅད་བདེ་བར་གཤེགས་
ཡོངས་སུ་གྲུབ་པ་,གློ་བུར་བའི་དྲི་མ་
རྒྱལ་སྲས་བྱང་ཆུབ་སེམས་དཔའི་མ་དང་འདྲ་བ་བྱེད་ལས་ལྔ་,ཕན་འདོགས་ཚུལ་གྱི་དཔེ་རྣམ་པ་བདུན་གྱི་ནང་གསེས་མ་
རྒྱལ་སྲས་བྱང་ཆུབ་སེམས་དཔའི་ཕ་དང་འདྲ་བ་བྱེད་ལས་ལྔ་,ཕན་འདོགས་ཚུལ་གྱི་དཔེ་རྣམ་པ་བདུན་གྱི་ནང་གསེས་ཕ་
མཁན་པོ་དང་འདྲ་བའི་བྱེད་ལས་ལྔ་,།དེ་ལྟར་མཁན་པོའི་ལས་སུ་བྱ་བ་ལྔ་
ས་བཟང་པོ་,།དཀར་དམར་ནག་,།ལྷ་བཙན་བདུད་
སྒྲ་གཅན་གྱི་དཀྱི་འཁོར་,།དེས་ན་གཅིག་ཤར་ན་ཉི་ཟླ་
སྒྲོ་སྟོན་,ང་བ་ལང་
ཁ་འབབ་ཆུ་བོ་བཞི་,ཆུ་མདོག་ཀྱང་དེ་
ཕྲ་རྒྱས་དགུ་བཅུ་གོ་བརྒྱད་,།གཟུགས་ཁམས་གཟུགས་མེད་དེ་
མཁའ་འགྲོ་རྒྱ་མཚོའི་དཀྱིལ་འཁོར་དང་པོའི་ཀླུ་བརྒྱད་,རིན་པོ་ཆེའི་རྒྱན་སྣ་ཚོགས་ཀྱིས་བརྒྱན་པའི་གཡོན་དུ་རང་
དོན་གྱི་བཞི་པ་,དང་པོ་སྤྲིན་,དང་པོ་སྤྲིན་
བྱ་རྒྱུད་ནོར་བུའི་རིགས་ཀྱི་རྒྱུད་བདུན་,འདི་སྔར་གྱི་ནོར་བུ་བཟང་པོའི་གཟུངས་
ཉོན་མོངས་དམིགས་པ་འགོག་པའི་རིགས་པ་,སྨིག་རྒྱུའི་ཆུ་ལྟ་བུ་དང་རྨི་ལམ་
ཧེ་རུ་ཀའི་ཡི་གེ་བརྒྱ་པའི་ཁྲུས་དང་སྦྱིན་སྲེག་,ས་སྐྱ་པ་ཀུན་བློས་(༡༧༢༩-༡༧༨༣)སྡིག་ཅན་ངེད་རང་
སའི་མིག་,སའི་མིག་
སེངྒེ་གངས་ལ་འཕྱོ་བ་,རི་བོང་ཐུར་རྒྱུག་གི་ས་
རི་བོང་ཐུར་རྒྱུག་འདྲ་བ་,རི་བོང་ཐུག་རྒྱུག་གི་དབྱིབས་,དེ་ཡང་སེངྒེ་གངས་ལ་འཕྱོ་བ་
རྒྱ་ཡི་གླང་ཆེན་འགྱིང་བ་,ས་དབྱིབས་གླང་ཆེན་འགྱིང་བ་
དུར་ཕག་ནག་པོ་འདུར་བ་,གླང་ཆེན་འགྱིང་བ་
འབྲུ་ཡི་ཕུང་བོ་སྤུངས་འདྲ་,དེ་ཡང་ཐལ་བའི་ཕུང་བོ་སྤུངས་པ་
སྟོད་འགེ་,སྟོད་ཐུང་
སྤུན་ཡ་,སྤུན་མཆེད་
སྦུར་གོག་,སྦུར་
བཏག་མ་,བཏག་
ཕྲ་གསུམ་,ཕྲ་གསུམ་
ཕུ་ཞིབ་,ཕུ་ཞི་བ་
ཕུབ་ཚར་,ཚར་ལོ་
ཕུ་མ་,སྦུན་པ་
ཕོར་རྩིད་,ཕུབ་རྩིད་
ཙི་ཁུང་,ཙི་ཚང་
བཞོ་སྒྲོག་,བཞོ་ཐག་
བཞོ་པར་,འོ་ཟོམ་
བཞོ་མ་,བཞོན་མ་
རུལ་རྩི་,རུ་རྩི་
སུམ་འཕུ་རྒྱག་,སུམ་འཕྲུ་རྒྱག་
ལྷས་སྙུ་,ལྷས་སྙུ་
ཤིང་ཆལ་,ཤིང་ཞལ་
སབ་ར་,སབ་མ་
ལྟག་ལྷུག་,སྐྲ་ལྷུག་
ཧྲབ་ཧྲབ་,ཧྲབ་ཧྲིབ་
ཨར་དགུ་,ཨ་གསར་
བདེ་མཆོག་གི་དམར་ཁྲིད་,ཞེས་པའི་བར་གཞན་རྣམས་
རྒྱས་འགྱུར་གྱི་རིགས་,དབུ་མ་འཇུག་པར་ཡང་དེ་
ལོངས་སྐུའི་བཞུགས་སྟངས་,དཔེར་ན་གླང་པོ་ཆེ་ཉལ་བ་
རྒྱུ་མཐུན་གྱི་འབྲས་བུ་,།རྒྱུ་མཐུན་ནི་རང་གི་རྒྱུ་
མི་འགྱུར་ཆོས་དབྱིངས་རྡོ་རྗེ་,ཕྱིས་སུ་ཇི་ལྟར་མཇལ་བ་དེ་
བཟློག་ཕམ་,དགེ་སློང་མ་
གྲིབ་འཕོག་པའི་གང་ཟག་,མེ་ལོང་གཡའ་དྭངས་པ་
ཁམས་འདུས་པའི་ས་མཚམས་གསུམ་,དགུན་གྱི་རླུང་པོ་ལག་ཅན་,དཔྱིད་ཀྱི་རླུང་པོ་ལག་ཆ་བྲི་བ་,དབྱར་གྱི་རླུང་པོ་ལག་ཆ་བྲལ་བ་
ཕྱི་ནང་གི་འཇིག་རྟེན་,རང་གི་ལུས་ལ་རྒྱུ་སྐར་
ཀྱེ་རྡོར་བསྐྱེད་རིམ་ལམ་གྱི་ཆོས་མཐུན་,དང་པོ་བྱང་ཆུབ་མཆོག་ཏུ་སེམས་བསྐྱེད་པ་
སྒྲོལ་མ་བཀྲ་ཤིས་དོན་གྲུབ་མའི་རྗེས་གནང་གི་བརྒྱུད་པ་,ཀརྨ་པ་དབང་ཕྱུག་རྡོ་རྗེ་མན་གོང་དཀར་ལུགས་སྒྲོལ་དཀར་
ཛཾ་སེར་གྱི་རྗེས་གནང་གི་བརྒྱུད་པ་,སྒྲུབ་ཐབས་བརྒྱ་རྩ་སྤྱིའི་བརྒྱུད་པ་
ས་ལུགས་གྲུབ་རྒྱལ་མའི་བརྒྱུད་པ་,མུས་ཆེན་སངས་རྒྱས་རིན་ཡན་ས་ལུགས་,མུས་ཆེན་སངས་རྒྱས་རིན་ཡན་ས་ལུགས་
ཤེར་དབང་གི་རྟོགས་པ་བཅུ་དྲུག་,དཔེ་ས་བོན་ལས་མྱུ་གུ་སྨིན་པ་
རྨི་ལམ་ལ་བརྟེན་ནས་རོ་མཉམ་པ་,དགའ་མི་དགའི་སྣང་བ་འཆར་བ་བྱེད་པ་